App_ID,Tenders_In_Package,Contracts_Awarded,Tender_IDs,Agency,Procuring_Entity,Package_No,Suppliers,Distinct_Suppliers,Contract_Value_Total_BDT,Contract_Value_Total_Crore,Rate_Band_Clause,PKG_Estimated_Cost_BDT__FILL_FROM_eprocure,Ratio_Contract_over_Estimate__AUTO
189321,1,1,775105,Chittagong Development Authority,Project Director(Rajib Das),KRP/WD2,Spectra Engineers Ltd.,1,8812446857.0,881.245,,,
197063,5,4,868640;932066;941420;975516;991635,Khulna Development Authority (KDA),Office of the Project Director (3Link Road),KDA/3link/WD-4/2023-24,DIENCO LIMITED;DIENCO-MIR AKHTER JV ( JVCA Partners [Bu;IH-RSE (JV) ( JVCA Partners [Business Sh;IH-RSE-SHJ (JV) ( JVCA Partners [Busines,4,2476908633.0,247.691,,,
164555,5,4,448324;448434;461085;461209;509251,Cox's Bazar Development Authority,Cox's Bazar Development Authority,CoxDA/Project/eGP/OTM-01/2020,Bangla Trac Limited;NATIONAL DEVELOPMENT ENGINEERS LTD.;Taher Brothers Ltd.,3,1799937863.5,179.994,,,
188860,57,34,1008542;1008543;1008544;1008545;1008546;1008547;1008548;1011370;1011371;1060890;1060891;1060892;1060893;1060894;1060895;1066944;1066945;1066946;1069558;1069559;1069560;1069561;1069562;1069563;1069564;1071058;1071059;778651;778652;778653;789917;789918;789920;789921;789948;807901;807902;807903;807938;827548;858747;870250;870251;870252;901824;902293;920944;920945;920946;932337;957252;957253;957254;957255;957256;975321;975322,Rajdhani Unnayan Kartripakkha (RAJUK),Purbachal New Town Project,RAJUK/PD_Purbachal/125,AK- Amin Development Co. Limited;Aliza Enterprise;CONVOY SERVICE;Concept Elevators & Engineering Ltd.;HAIDER & CO.;KSBL-TSE JOINT VENTURE ( JVCA Partners [;Khokan Construction & Engineering Ltd;M/S Laila Enterprise;M/S RAHMAN ENGINEERING - M/S TANNI ENTER;M/S Udayan Builders;M/S. A. R. Enterprise;M/S. Maliha Enterprise;M/S. Niaz Traders;M/S. Sharif & Sons;M/s Mithila Enterprise;M/s Shafique and Sons;M/s. M.R. Construction;M/s. SS & MT (JV) ( JVCA Partners [Busin;Rana Builders (Pvt.) Ltd. - M/s. Shafiqu;SS-RI JV ( JVCA Partners [Business Share;SSL- CONVOY JV ( JVCA Partners [Business;Starlite Services Limited;TCEL TE JV ( JVCA Partners [Business Sha,23,1517061093.78,151.706,,,
168179,2,1,502973;581310,Khulna Development Authority (KDA),Office of Exen (works),S-WD-01.,Ataur Rahman Khan Ltd & Mahabub Brothers,1,1434577898.0,143.458,,,
188629,33,13,1044320;1058290;1058291;1058292;1058293;1060377;1060378;1060379;1060380;1060381;1207633;1207634;1207635;1207636;1207637;1266470;753302;753303;753305;753306;753307;753308;753309;753310;753311;753312;905912;905913;905914;905915;905916;926607;948434,Rajdhani Unnayan Kartripakkha (RAJUK),Development of Residential and,RAJUK/PD_JHILMIL/DC-9,Anik Trading and Construction-Fastbuild ;Convoy Service JV ( JVCA Partners [Busin;Gess Bangladesh;HTMS Limited;M/S. Niaz Traders;MULTITRADE INTERNATIONAL;Momotaj Engineers Ltd.;SUNTECH ENERGY LTD.;Starlite Services Limited;WALTON HI-TECH INDUSTRIES PLC.,10,1005187445.08,100.519,,,
190430,1,1,783087,Khulna Development Authority (KDA),Office of the Project Director (KDA Bipone,KDA/BBP/W1/2022-23,MAHABUB BROTHERS(PVT)LIMITED,1,965147418.6,96.515,,,
173208,1,1,538256,Chittagong Development Authority,Project Director (CCORRP),CCORRP-WD3,Spectra Engineers Ltd.,1,960108458.0,96.011,,,
116040,1,1,209736,Rajdhani Unnayan Kartripakkha (RAJUK),Office of the Chief Engineer,7-1-2,The United Construction Co.,1,933196527.9,93.32,,,
195388,2,2,1000945;857646,Rajdhani Unnayan Kartripakkha (RAJUK),Construction of multi-storied apartment,RAJUK/PD-9apt/Bldg-03,Momotaj Engineers Ltd.;National Development Engineers Ltd. - M/,2,922876914.69,92.288,,,
57195,1,1,112012,Rajshahi Development Authority,Office of the Chairman,RDA/RUETROAD/W/2017-2018/01,Abdul Monem Ltd,1,899353316.0,89.935,,,
195732,16,11,1000530;1003623;1008266;1017448;860503;935084;935090;935092;935093;959288;962656;962658;962659;974362;982350;984794,Rajdhani Unnayan Kartripakkha (RAJUK),Uttara Apartment Project,UAP/EM/2023-2024/GD-11,Donatien International;Gess Bangladesh;M/S Sunny Construction;M/s. Active International;NDE-UCC-SC JV ( JVCA Partners [Business ;Net Planet Soft & Engineering;Nur Enterprise-Amin Trading Corporation ;SS-RC (JV) ( JVCA Partners [Business Sha;UCC-SC JV ( JVCA Partners [Business Shar,9,861400114.65,86.14,,,
186674,4,2,727849;755321;781266;848555,Chittagong Development Authority,Project Director (Loop Road),20121321143465744654654-3,SUNNY-RS-TML JV ( JVCA Partners [Busines;Spectra Engineers Ltd.,2,842929183.65,84.293,,,
162585,36,14,427820;427825;427828;427832;427834;427848;427851;427855;427858;427861;427863;466081;466089;466094;466100;466105;466107;466108;466109;528756;528758;535709;535710;535712;535717;535718;535719;590668;601508;601511;601512;601514;601516;601518;601519;601520,Rajdhani Unnayan Kartripakkha (RAJUK),Purbachal New Town Project,Rajuk/PD_Purbachal/47,H RAHMAN ENTERPRISE;M/S Udayan Builders;M/S. A. R. Enterprise;M/S. AMIN TRADING CORPORATION;M/S. Alam & Co.;M/S. Niaz Traders;MOZAHAR ENTERPRISE (PVT.) LTD. & M/S REZ;Momotaj Engineers Ltd.;Rana Builders (Pvt.) Ltd. - M/s Shafique;SC & ARE JV ( JVCA Partners [Business Sh;SS-RI JV ( JVCA Partners [Business Share;Starlite Services Limited;UCCL The United Construction Company Lim;Udayan-Convoy JV ( JVCA Partners [Busine,14,699665678.93,69.967,,,
70029,2,1,133881;223246,Chittagong Development Authority,Project Director (CDA Square),e-TENDER CDAsqt23,M Jamal & Company Limited,1,632060295.6,63.206,,,
177033,10,5,597090;637168;637169;637171;671803;671804;671805;699109;699111;713439,Rajdhani Unnayan Kartripakkha (RAJUK),Uttara Apartment Project,UAP/EM/SS/GD/01,Concept Elevators & Engineering Ltd.;M/S Chowdhury Enterprise;M/s. SS & MT (JV) ( JVCA Partners [Busin;NATIONAL DEVELOPMENT ENGINEERS LTD.,4,591908985.2,59.191,,,
45876,2,1,110297;99744,Chittagong Development Authority,Project Director (Saltgola),e-TENDER CD1/e-saltgola/1458,The Engineers & Architects Limited,1,495240760.3,49.524,,,
153243,5,4,311188;312476;312478;312479;322658,Rajdhani Unnayan Kartripakkha (RAJUK),Office of the Chief Engineer,PD_9Apt.Project/2,MAHABUB BROTHERS(PVT)LIMITED;MRC-Techbay-JV ( JVCA Partners [Business;UCCL The United Construction Company Lim,3,463293778.07,46.329,,,
189135,1,1,752801,Rajdhani Unnayan Kartripakkha (RAJUK),Uttara Lake Development Project,Rajuk/PD_UL/,M/s. Udayan Builders (JV) ( JVCA Partner,1,452992528.2,45.299,,,
149292,3,3,270190;270651;282186,Cox's Bazar Development Authority,Cox's Bazar Development Authority,W-3 Kha,Khan and Sons (Bangladesh) Limited;S.S Rahman International,2,424340337.84,42.434,,,
163453,2,2,446869;447380,Rajdhani Unnayan Kartripakkha (RAJUK),Construction of multi-storied apartment,Rajuk/PD_9apt/06,HSL-RE JV. ( JVCA Partners [Business Sha,1,422255606.94,42.226,,,
50320,1,1,98996,Rajshahi Development Authority,Office of the Chairman,RDA/Courtroad/W/2016-2017/01,SHAMIM ENTERPRISE (PVT) LTD,1,356723044.2,35.672,,,
127121,12,6,251224;251227;292111;293000;293004;293018;301503;301505;320832;339042;339493;339496,Rajdhani Unnayan Kartripakkha (RAJUK),Office of the Chief Engineer,Rajuk/PD_Purbachal/25,M/S Razin International;M/S. A. R. Enterprise;M/S. Niaz Traders;M/s Shafique and Sons;NIAZ-NOONA JV. ( JVCA Partners [Business;Rafiq Construction Co. (Pvt.) Ltd and M/,6,336857141.41,33.686,,,
165428,5,4,476403;476405;476406;476407;476408,Rajdhani Unnayan Kartripakkha (RAJUK),Development of Residential and,PD_JHILMIL/06,M/s. Udyan Builders-Starlite Services Lt;MEPL-RE JV. ( JVCA Partners [Business Sh;Rafiq Construction Co. (Pvt.) Ltd. - Hai;SA-TANNI-DAWN-JV ( JVCA Partners [Busine,4,300677060.72,30.068,,,
160347,1,1,383988,Rajshahi Development Authority,Office of the Chairman,RDA/BB Square/W/2019-2020/01,The Engineers & Architects Limited,1,292545247.3,29.255,,,
159106,2,2,366041;366087,Khulna Development Authority (KDA),Office of Chief Engineer,AHSANABAD WD5,M. M. Builders & Engineers Ltd.;Toma Construction & Co. Limited,2,291021201.7,29.102,,,
112745,2,2,209938;209939,Rajdhani Unnayan Kartripakkha (RAJUK),Office of the Chief Engineer,Rajuk/PD_Purbachal/14,Toma Construction & Co. Limited,1,282310363.1,28.231,,,
151419,10,4,277364;277365;277366;277367;277368;277369;292378;292379;326787;326788,Khulna Development Authority (KDA),Office of Chief Engineer,AHSANABAD-WD2,M/S. Khandaker Shahin Ahmed;M/S. MRM International;M/S. Monir Traders;Mohammed Eunus & Brothers (Pvt.) Ltd.,4,282075412.1,28.208,,,
193962,11,10,1013268;1013269;1013270;1082525;870258;870259;870260;870261;889937;948745;948746,Rajdhani Unnayan Kartripakkha (RAJUK),Superintending Engineer (Civil Circle-4),RAJUK/SECC-4/Road-6,CONVOY SERVICE;HAIDER & CO.;M/S. A. R. Enterprise;M/S. AMIN TRADING CORPORATION;M/S. Maliha Enterprise;M/S. Niaz Traders;M/S. Raju International;M/s Shafique and Sons;Starlite Services Limited,9,279070312.88,27.907,,,
162568,12,11,431687;431689;431690;431692;431697;431699;431701;431702;431704;431706;431707;431708,Rajdhani Unnayan Kartripakkha (RAJUK),Uttara 3rd Phase Project,Rajuk/PD_Uttara3rd/16,HAIDER & CO.;M/S REZA ENTERPRISE;M/S Udayan Builders;M/S. Sapna Construction;M/s Shafique and Sons;Momotaj Engineers Ltd.;Starlite Services Limited,7,268304223.81,26.83,,,
39146,5,4,79262;79395;80585;80586;98112,Rajdhani Unnayan Kartripakkha (RAJUK),Office of the Chief Engineer,Rajuk/UAP/02,"M.A.H Construction Ltd,RAB-RC(PVT)Ltd an",1,267342765.3,26.734,,,
179858,5,4,617410;617449;617807;618898;647467,Cox's Bazar Development Authority,Cox's Bazar Development Authority,CoxDA/Dev/2021-22/Road/WD-03/Beautification,Hassan Techno Builders Ltd. - Taher Brot;M/S LABON & BROTHERS;Rancon Industrial Solutions Ltd.;SCL-LB-KEC JV ( JVCA Partners [Business ,4,266831495.26,26.683,,,
186665,15,6,732686;745254;747837;755031;770668;770669;775307;775309;775518;788086;796189;800104;800105;813704;826146,Rajdhani Unnayan Kartripakkha (RAJUK),Uttara Apartment Project,UAP/EM/Lift/GD/05,M/S Sunny Construction;M/S. AMIN TRADING CORPORATION;M/S. Udayan Builders - M/S. Tanni Enterp;MEP ENGINEERING POINT;Momotaj Engineers Ltd.;SSL-CONVOY JV ( JVCA Partners [Business ,6,266295843.38,26.63,,,
48825,1,1,99692,Chittagong Development Authority,Project Director (Dewanhat),pd/dewanhatapart/e-5786/wd2,M Jamal & Company Limited,1,237118580.9,23.712,,,
80758,1,1,149365,Khulna Development Authority (KDA),Office of Chief Engineer,Land Development WD-01,Toma Construction & Co. Limited,1,222729274.8,22.273,,,
201176,5,3,935862;935863;941603;961984;976553,Rajshahi Development Authority,Office of the Project Director,RDA/PRANTIK/W/2023-2024/01,M/S Shapla Traders;MD. DOLLAR;Md. Badrul Iqbal Ltd.,3,222404691.27,22.24,,,
196376,10,8,1001782;1001843;862601;862635;863109;863116;909193;909308;944909;954661,Chittagong Development Authority,Project Director (CDA Square),pd/cdasqr/substation/e59,BM Energy (BD) limited;CPDL LTD.;Flowater Solutions Ltd.;M/s J S Enterprise;MS TECHNOLOGIES LIMITED;Ocean Electrical Limited,6,206399947.29,20.64,,,
176799,8,6,595833;615572;647342;647346;647351;647356;647359;647361,Rajdhani Unnayan Kartripakkha (RAJUK),Uttara 3rd Phase Project,PD_U3P/2,Auto Power Pvt. Limited;M/S SHAFIQUE AND SONS - M/S. AMIN TRADIN;M/S Techno Trade International;Rafiq Construction Co. (Pvt.) Ltd.;Super Star Renewable Energy Limited;The Continantal Builders,6,196773891.11,19.677,,,
60029,4,2,119326;119498;119500;125877,Rajdhani Unnayan Kartripakkha (RAJUK),Office of the Chief Engineer,5-3205-3111-UMT/10,Convoy Service-M/S Paradise Traders-Mosh;NIAZ-NOONA-KTA JV ( JVCA Partners [Busin,2,192648379.27,19.265,,,
202714,1,1,971720,Cox's Bazar Development Authority,"Office of the Project Director, CoxDA",CoxDA/Dev/CoxDA Residential Flat Project-1/Lot-11,M/S Quashem Construction,1,174971612.3,17.497,,,
217888,4,2,1170765;1170766;1225895;1225896,Rajdhani Unnayan Kartripakkha (RAJUK),Gulshan-Banani-Baridhara Lake,RAJUK/PD/GBBL/RCW-1,CONVOY SERVICE Joint Venture Share: 49.0;M/S. Dawn Corporation,2,166411496.62,16.641,,,
196715,3,1,867632;917088;917456,Chittagong Development Authority,Project Director (CCORRP),PD/CCORRP/SL/ESTIMATE/409,RNYB Ltd - A.T Construction JV. JV. ( JV,1,161596296.8,16.16,,,
176171,5,4,1031800;1056195;1062628;1109365;1134396,Rajdhani Unnayan Kartripakkha (RAJUK),Office of the Superintending Engineer,SEMECH-03,MULTITRADE INTERNATIONAL;Sohel Engineering & Construction Ltd.,2,160973000.3,16.097,,,
166794,10,7,479604;583663;583666;590111;591292;591374;591591;591741;592175;592354,Rajdhani Unnayan Kartripakkha (RAJUK),Construction of multi-storied apartment,RAJUK/PD_9apt/Lift_Bldg-9,Concept Elevators & Engineering Ltd.;M/S Mirza Construction;M/s Anas Trading International;MECO INTERNATIONAL;Udayan-Starlite-Convoy JV ( JVCA Partner,5,156326888.22,15.633,,,
90355,3,1,168193;182856;199891,Rajdhani Unnayan Kartripakkha (RAJUK),Office of the Chief Engineer,BW-A/UAP-01,Momotaj Engineers Ltd.,1,155146280.1,15.515,,,
42820,1,1,89106,Rajdhani Unnayan Kartripakkha (RAJUK),Office of the Chief Engineer,Rajuk/Uttara_Lake/01,Starlite Services Ltd & Convoy Service J,1,126193349.8,12.619,,,
193877,7,4,1016865;1016866;1016867;1081213;1082494;1082495;1082496,Rajdhani Unnayan Kartripakkha (RAJUK),Superintending Engineer (Civil Circle-4),RAJUK/SECC-4/Road-14,Aliza Enterprise;M/S. A. R. Enterprise;Momotaj Engineers Ltd.;Starlite Services Limited,4,121648023.28,12.165,,,
187680,2,2,735107;736874,Chittagong Development Authority,"Project Director(KK Newaz), Chittagong",PD/Bakalia/road/e/0021,Power Net Enterprise;Spectra Engineers Ltd.,2,121485534.3,12.149,,,
195872,4,3,859008;935036;935037;941590,Rajshahi Development Authority,Office of the Chairman,RDA/BB square/W/2023-2024/03,MD. DOLLAR;Noor Hossain Ltd. (JV) ( JVCA Partners [;RUPOKAR,3,110053881.47,11.005,,,
196580,1,1,867256,Khulna Development Authority (KDA),Office of the Project Director (KDA Bus,KDA/Busterminal/W1/2023-2024,M/S RAFID TRADERS,1,107298313.7,10.73,,,
173830,2,2,549299;549431,Cox's Bazar Development Authority,Cox's Bazar Development Authority,CoxDA/Dev/2020-21/Road/WiFi,Optimal Technology (Pvt. ) Ltd.,1,106625211.57,10.663,,,
103763,2,2,189939;189944,Chittagong Development Authority,Project Director (Muradpur Flyover),WD-06b,M/S. AS - RAS Trading (JV) ( JVCA Partne;M/S. R.S. Enterprise,2,105231235.04,10.523,,,
181410,4,1,1000267;1044805;748677;792327,Rajdhani Unnayan Kartripakkha (RAJUK),Superintending Engineer (Civil Circle-3),RAJUK/SECC-3/18,M/S. Niaz Traders,1,104498747.1,10.45,,,
114632,1,1,207700,Rajshahi Development Authority,Office of the Chairman,RDA/BARNOI/W/2017-2018/01,Rithin Enterprise and Kohinoor Enterpris,1,100985213.7,10.099,,,
202059,1,1,959962,Chittagong Development Authority,Construction Division-2,CD2/PW1,RNYB Ltd. - EBL - Alif JV. ( JVCA Partne,1,100790743.2,10.079,,,
176555,1,1,596661,Chittagong Development Authority,"Project Director(KK Newaz), Chittagong",Pd/Bakaliaeccess/e/44,M/S. Jashim & Sons,1,88622840.52,8.862,,,
206559,10,8,1023051;1023052;1023053;1023054;1023057;1023059;1023060;1023061;1023063;1094618,Rajdhani Unnayan Kartripakkha (RAJUK),Uttara Apartment Project,UAP/EM/2024-2025/GD-08,Gess Bangladesh;M/S. Miaze Enterprise;Speed Engineers & Technology.;T.S Enterprise;The Continantal Builders;The United Construction Co.;WALTON HI-TECH INDUSTRIES PLC.,7,85669883.18,8.567,,,
63272,3,1,125872;125873;125874,Rajdhani Unnayan Kartripakkha (RAJUK),Office of the Chief Engineer,Rajuk/PD_Uttara_P-6,Mir Habibul Alam & Starlite Services Ltd,1,78653933.89,7.865,,,
200566,2,2,918775;965239,Chittagong Development Authority,Superintending Engineer-2,SE2/Saltgola/CentralAC/50,Cooltech Corporation;M/s.Suraim Enterprise,2,77391524.63,7.739,±10%,,
75840,9,6,174700;174705;174709;174710;174712;174714;174717;174720;190232,Rajdhani Unnayan Kartripakkha (RAJUK),Office of the Chief Engineer,Rajuk/PD_Uttara3rd/12,Domestic Power & Engineering;M/S Britto Construction;M/S Razin International;M/S. A. R. Enterprise;MOZAHAR ENTERPRISE (PVT.) LTD.;Unity Builders & Engineering,6,73743530.43,7.374,,,
173888,6,4,547875;548292;548589;549164;563563;577378,Cox's Bazar Development Authority,Cox's Bazar Development Authority,CoxDA/Dev/2020-21/Office Bldng/Arboriculture,Extreme Engineering Development Consulta;Legacy Furniture (Pvt.) Ltd.,2,71693919.34,7.169,,,
152932,1,1,342502,Chittagong Development Authority,Project Director(Rajib Das),pd/Anonnya/est/127,S. Ananta - Abdus Salam (JV) ( JVCA Part,1,70658480.5,7.066,,,
66796,10,4,149102;149103;149104;149105;149107;149108;149110;149115;149117;149118,Rajdhani Unnayan Kartripakkha (RAJUK),office of the Chief Engineer ( Project &,GD/UAPE/M/2016-2017/S/06,M/S. Brothers Construction;Quality Powertec Engineering Ltd.,2,66300003.4,6.63,,,
217860,3,3,1152584;1152671;1152766,Cox's Bazar Development Authority,"Office of the Project Director, CoxDA",CoxDA/OF/Flat Project-1/2025-26/W9,Charm Limited;M/S. Prominent Engineers;Sumon Enterprise,3,63262562.17,6.326,,,
51274,1,1,100483,Chittagong Development Authority,Project Director(Silimpur),e-TENDERSRA-06,M/S. Raquib & Brothers,1,53515977.89,5.352,,,
63610,1,1,124055,Khulna Development Authority (KDA),Office of the Project Director (KDA Rest,WORKS REST HOUSE-KHULNA-01,MSE-KCL (JV) ( JVCA Partners [Business S,1,52530500.0,5.253,,,
75661,2,1,146443;146449,Rajdhani Unnayan Kartripakkha (RAJUK),office of the Chief Engineer ( Project &,Rajuk/Purbachal_Mechanical/2,Sohel Engineering & Construction Ltd.,1,48500000.18,4.85,,,
95841,1,1,174037,Rajdhani Unnayan Kartripakkha (RAJUK),"Office of the Project Director, Urban",URP/RAJUK/G-3-2,Pacific Motors Limited,1,48351000.01,4.835,,,
193794,7,7,834339;835443;835607;835662;835847;837643;837644,Cox's Bazar Development Authority,CoxDA Master Plan,CoxDA/Dev/22-23/MP/Cam-Accs,ADVANCE TECHNOLOGY CONSORTIUM LIMITED;Global Office Automation Ltd.;Hatil Complex Ltd;M/S S.R Construction;Smart Technologies (BD) Ltd.,5,48231142.37,4.823,,,
196182,3,2,860822;860823;860824,Rajshahi Development Authority,Office of the Project Director,RDA/GOB/G/2023-2024/O2,M/S.Modina Enterprise;Premier Trading International,2,47830628.55,4.783,,,
64301,9,1,125292;125293;125294;125295;125297;125298;125300;125301;150704,Rajdhani Unnayan Kartripakkha (RAJUK),office of the Chief Engineer ( Project &,GD/UAPE/M/2016-2017/L/08,Daffodil Electric Company,1,47660719.39,4.766,,,
64052,2,1,125042;125126,Rajdhani Unnayan Kartripakkha (RAJUK),office of the Chief Engineer ( Project &,GD/UAPE/M/2016-2017/L/02,Daffodil Electric Company,1,47660719.39,4.766,,,
64862,10,4,146363;146364;146365;146370;146372;146374;146376;146377;146380;146381,Rajdhani Unnayan Kartripakkha (RAJUK),office of the Chief Engineer ( Project &,GD/UAPE/M/2016-2017/G/3,Dulal Enterprise (Pvt) Ltd.,1,45920001.64,4.592,,,
206330,7,3,1017045;1018667;1018730;1062494;1082896;1082915;1117569,Rajdhani Unnayan Kartripakkha (RAJUK),Construction of multi-storied apartment,Rajuk/PD_9apt/Bldg_03/Lift,Concept Elevators & Engineering Ltd.;KHAN BROTHERS ENERGY CONSORTIUM,2,45195378.55,4.52,,,
177279,12,12,598954;614376;616340;631780;637086;640368;644083;647622;667218;669414;670154;683811,Chittagong Development Authority,"Project Director(M.Uddin), Chittagong",ExEn/CDA Hill/E-86,M/S Hasan & Brothers;M/S. A. F. C.;M/S. Gulzar Trading;M/S. Nice Enterprise;M/s J S Enterprise;Trade Spin;Volume - 11,7,44414366.42,4.441,±10%,,
84197,13,8,174670;174671;174673;174674;174677;174678;174680;174683;174685;174686;198193;198200;198298,Rajdhani Unnayan Kartripakkha (RAJUK),office of the Chief Engineer ( Project &,GD/UAP/EM/2016-2017/Solar/09,Sherpa Power Engineering Ltd.;Superstar Renweable Energy Ltd (SSG Sola,2,42558048.29,4.256,,,
181641,10,6,1007300;639202;641674;661661;661888;710843;727612;792351;889938;948744,Rajdhani Unnayan Kartripakkha (RAJUK),Superintending Engineer (Civil Circle-4),RAJUK/imp-06/Sec-6/Zonal Office-1,HAIDER & CO.;M/S Britto Construction;M/S. A. R. Enterprise;M/S. AMIN TRADING CORPORATION;M/S. Khan Enterprise;M/S. Maliha Enterprise,6,41928186.5,4.193,,,
207390,1,1,1035179,Rajdhani Unnayan Kartripakkha (RAJUK),Superintending Engineer (Civil Circle-3),RAJUK/SECC-3/Building-1,M/S. Niaz Traders,1,41746974.1,4.175,,,
75790,6,2,162060;162590;170785;173602;173603;173605,Rajdhani Unnayan Kartripakkha (RAJUK),office of the Chief Engineer ( Project &,Rajuk/Electrical-1/20,Fire Trade - M/s Khandaker Shahin Ahmed ;M/S. Sany Construction,2,41662388.7,4.166,,,
194450,6,5,851858;851863;851864;851865;909179;909196,Chittagong Development Authority,"Construction Division-1, Chattogram",PD/dewanhat/firefighting/e,M/S. Khan Corporation;M/S. Nice Enterprise;M/S. Shah Jabbaria Construction & Co.;MS TECHNOLOGIES LIMITED,4,36462495.16,3.646,,,
55532,1,1,108836,Chittagong Development Authority,Project Director (Muradpur Flyover),e-TENDER mflyover-01,TD Trading,1,35818234.17,3.582,,,
161824,6,4,417304;418364;424168;446283;464552;464647,Cox's Bazar Development Authority,Cox's Bazar Development Authority,CoxDA/eGP OTM-01/2020,Bangla Trac Limited;Ecom Trade International;Frontline Communications Ltd;M/S. Shishir Construction,4,34953693.74,3.495,,,
196083,5,4,1001120;1001613;860528;944366;957875,Rajdhani Unnayan Kartripakkha (RAJUK),Superintending Engineer (Civil Circle-1),SE/CC-1/EE/HQ/Hatirjheel/W-13/P-1,Al- Arafat Services (PVT.) Limited;M/S. AMIN TRADING CORPORATION;M/S. Alam & Co.;Nur Traders,4,33777082.09,3.378,,,
89768,1,1,164878,Rajdhani Unnayan Kartripakkha (RAJUK),"Office of the Project Director, Urban",URP/RAJUK/G-3-1,Pacific Motors Limited,1,32844000.01,3.284,,,
201027,1,1,936248,Rajdhani Unnayan Kartripakkha (RAJUK),Office of the Superintending Engineer,Rajuk/Electrical-1/23/G-06,Concept Elevators & Engineering Ltd.,1,31299998.78,3.13,,,
201496,1,1,943936,Chittagong Development Authority,Project Director(CRBKRKBC),EXEN/PD/CANTOMENT/406,RNYB Ltd. - Alif Enterprise JV. ( JVCA P,1,30185717.78,3.019,,,
169681,1,1,505037,Rajdhani Unnayan Kartripakkha (RAJUK),Purbachal New Town Project,Rajuk/PD_Purbachal/Ele-1,Mazid Sons - Sunny Construction JV ( JVC,1,28756845.9,2.876,,,
128477,12,12,236241;236242;248616;248617;248618;248619;248621;248622;248623;248625;248631;248633,Rajdhani Unnayan Kartripakkha (RAJUK),office of the Chief Engineer ( Project &,UAP/EM/2016-2017/EL/12,M/S. Sany Construction,1,28402587.0,2.84,,,
200967,9,7,1013104;936176;936225;936227;969822;980083;980096;980099;989883,Rajdhani Unnayan Kartripakkha (RAJUK),Office of the Superintending Engineer,Rajuk/Electrical-1/24/W-07,Aliza Enterprise;M/S Mirza Construction;M/S Sunny Construction;M/S TANIN ENTERPRISE;M/S. Maliha Enterprise;MULTITRADE INTERNATIONAL;Optimal Technology (Pvt. ) Ltd.,7,26952145.2,2.695,,,
178132,11,6,608564;608964;609656;614373;614620;615021;639295;639913;639927;702345;737121,Rajdhani Unnayan Kartripakkha (RAJUK),Construction of multi-storied apartment,RAJUK/PD_9apt/Solar_Bldg-7,Concept Elevators & Engineering Ltd.;M/s Anas Trading International;T.S Enterprise,3,26763241.76,2.676,,,
148983,1,1,276338,Cox's Bazar Development Authority,Cox's Bazar Development Authority,Pakage/18-19/08,Bangla Trac Limited,1,26450000.0,2.645,,,
201657,5,3,948448;969481;969489;989865;998795,Rajdhani Unnayan Kartripakkha (RAJUK),Office of the Superintending Engineer,Rajuk/Electrical-1/24/G-07,Creatus Computer;S.M.S. SYSTEMS,2,26211698.07,2.621,,,
183410,1,1,667693,Rajdhani Unnayan Kartripakkha (RAJUK),Gulshan-Banani-Baridhara Lake,Rajuk/PD_GBBL/1,Starlite Services Limited,1,25972842.87,2.597,,,
42398,2,1,86290;98617,Rajdhani Unnayan Kartripakkha (RAJUK),office of the Chief Engineer ( Project &,Hatirjheel/Electrical-01/1,M/s Manik & Brothers,1,25899212.7,2.59,,,
176874,9,4,619039;620619;656595;659096;660091;684610;690870;699609;713622,Rajdhani Unnayan Kartripakkha (RAJUK),Superintending Engineer (Civil Circle-1),EE/HQ/Hatirjheel/W-06,Donatien International;M/S Raj Development Construction;M/S. A. R. Enterprise;M/S. Maliha Enterprise,4,23572969.41,2.357,,,
216607,4,4,1140112;1140113;1142188;1234511,Rajshahi Development Authority,Office of the Chairman,RDA/Own Fund/2025-26/W-01,M/S Gazi Construction;M/S HOSSAIN ENTERPRISE;MAA Enterprise;Mechanism Trade & Engineering Ltd.,4,23518672.79,2.352,,,
111359,1,1,200650,Chittagong Development Authority,Project Director(Silimpur),e-silimpur-02,M/S. Raquib & Brothers,1,21090113.16,2.109,,,
182206,8,3,643399;644172;653051;653586;669151;681465;703185;703186,Cox's Bazar Development Authority,Cox's Bazar Development Authority,CoxDA/Rev/21-22OTM/Works/StreetLight/07,Extreme Engineering Development Consulta;H.A Enterprise;M/S. T.J Construction,3,20264729.45,2.026,,,
200722,14,12,925146;925988;935064;935974;937128;949817;949919;950811;951146;963968;963987;966347;971832;978265,Cox's Bazar Development Authority,Cox's Bazar Development Authority,CoxDA/Rev/2023-24/Goods/SpeedBoat,H.A Enterprise;M/S Modhumati Construction;MECHATRONICS ENGINEERING;Nahar Construction;Nyta Computer & Technology;R R Enterprise;S. R. Trade International,7,19967574.94,1.997,,,
217483,33,24,1148941;1150077;1150442;1150459;1150469;1156352;1156359;1157085;1157266;1157269;1157288;1160337;1163187;1163354;1163355;1172101;1172974;1173101;1173102;1178437;1183753;1183822;1183835;1184463;1184466;1184467;1184470;1185193;1207915;1211856;1252250;1257498;1258384,Cox's Bazar Development Authority,Cox's Bazar Development Authority,CoxDa/Rev/National_Days/GR-03,Bangla Trac Limited;FUJITECH;M/S Building Construction Consultant (BC;M/S Misbah Enterprise;M/S Molla & Brothers;M/S. Prominent Engineers;Nahar Construction;Smart Technologies (BD) Ltd.;Sumon Enterprise,9,19189210.99,1.919,,,
180981,5,2,627115;627116;638918;638921;680144,Rajshahi Development Authority,Office of the Chairman,RDA/RMDP/G/2021-2022/01,Arc Bangladesh Ltd.;YSP TECHNOLOGY,2,18495000.01,1.85,,,
45362,1,1,91142,Chittagong Development Authority,Project Director(Shishukanon),e-TENDERpd/shishukanonschool/e-29,M/S. Raquib & Brothers,1,17986218.29,1.799,±10%,,
193654,2,1,832070;888738,Rajdhani Unnayan Kartripakkha (RAJUK),Office of the Superintending Engineer,Rajuk/Electrical-1/23/G-05,Concept Elevators & Engineering Ltd.,1,17878787.73,1.788,,,
153699,3,2,317182;317767;317768,Khulna Development Authority (KDA),Office of Planning Officer,KDA/EGP-02/PO/2018-2019.,Rangs Limited;Shell Corporation,2,17800000.0,1.78,,,
206297,16,14,1016323;1016492;1016870;1024374;1024391;1024467;1024517;1024525;1024741;1024787;1024807;1024943;1024948;1025944;1039767;1119438,Cox's Bazar Development Authority,Cox's Bazar Development Authority,CoxDA/Rev/2024-25/OTM/Goods/ND,Jahan Enterprise;Lucky Star;M/S Kamol Trade International;M/S M R Enterprise;M/S Modhumati Construction;Nahar Construction;PAVILLION BUILDERS;Smart Technologies (BD) Ltd.;Sumon Enterprise,9,17161257.52,1.716,,,
176807,2,2,595725;658227,Rajshahi Development Authority,Office of the Chairman,RDA/WF/W/2021-2022/01,Khaled Mohammad Selim;Rithin Enterprise,2,16771415.97,1.677,,,
196756,5,4,865569;868908;945416;945875;971997,Chittagong Development Authority,"Project Director(M.Uddin), Chittagong",EXEN/OFFICE/I-106/01,Icon Developments & Holdings Ltd;M/S. Gulzar Trading;M/s. Bhuiyan Traders;The Gausia Metalic Products,4,16276818.0,1.628,±10%,,
190063,5,2,775169;829141;840299;842165;879523,Rajdhani Unnayan Kartripakkha (RAJUK),Construction of multi-storied apartment,RAJUK/PD_9apt/Gen-S/S._Bldg-8,Gess Bangladesh;Rangpur Metal Industries Limited,2,15900846.38,1.59,,,
203861,1,1,1000426,Rajshahi Development Authority,Office of the Project Director,RDA/PRANTIK/W/2024-2025/01,M/s. Moni Construction,1,15808878.0,1.581,,,
209082,3,3,1083760;1215675;1215677,Rajdhani Unnayan Kartripakkha (RAJUK),Office of the Superintending Engineer,Rajuk/Electrical-1/25/G-02,AAYAT ENTERPRISE;Aliza Enterprise;Cooltech Corporation,3,15802091.1,1.58,,,
206486,3,2,1030829;1186178;1186179,Rajdhani Unnayan Kartripakkha (RAJUK),Office of the Superintending Engineer,RAJUK/Electrical-1/Hatirjheel/W_LED-1,M/S. Sharif & Sons;T.S Enterprise,2,15331883.32,1.533,,,
198214,4,1,880238;929618;941511;984364,Rajshahi Development Authority,Office of the Chairman,RDA/GOB/SCMAP/G/2023-2024/ 03,KEECO LIMITED,1,15234595.18,1.523,,,
201690,4,2,1074002;1074022;980158;989834,Rajdhani Unnayan Kartripakkha (RAJUK),Office of the Superintending Engineer,Rajuk/Electrical-1/24/G-03,Aliza Enterprise;M/S Sunny Construction,2,15019053.0,1.502,,,
169474,6,1,501956;502059;502977;502982;502984;584524,Rajdhani Unnayan Kartripakkha (RAJUK),Uttara Apartment Project,WD/UAPE/M/LM/04,M/s. Faisal Enterprise,1,14550362.5,1.455,,,
97791,1,1,178196,Rajdhani Unnayan Kartripakkha (RAJUK),"Office of the Project Director, Urban",URP/RAJUK/G-1-1,Smart Technologies (BD) Ltd.,1,13246200.1,1.325,,,
190015,7,3,771427;771464;781008;781011;808075;808097;827087,Cox's Bazar Development Authority,Cox's Bazar Development Authority,CoxDA/Rev/2022-23/Works/OTM/Sculpture/MOH,H.A Enterprise;M/S N Mohammed Trading;M/S S.R Construction,3,12837373.53,1.284,,,
82664,1,1,151177,Rajdhani Unnayan Kartripakkha (RAJUK),Office of the Chief Engineer,Rajuk/Pd_lake/04,Rafiq Construction Co. (Pvt.) Ltd.,1,12557304.8,1.256,,,
183134,7,7,663428;663429;672061;865422;865423;882631;882632,Rajdhani Unnayan Kartripakkha (RAJUK),Director (Admin),Rajuk/DD-Admin-3/G-3,Evergreen Printing press;M/S Faith Print;Shapla Enterprise;Tithy Printing & Packaging;Total Accessories,5,12314005.63,1.231,,,
204202,2,1,1023333;1115432,Chittagong Development Authority,"Construction Division-1, Chattogram",ExEn-1/E-1489/2025,M/S. Amanat Enterprise,1,11731574.38,1.173,±10%,,
10184,1,1,20558,Bangladesh Water Development Board,Dinajpur O&M Division,BRBP-13/b,M/S. Shahid Brothers,1,11692619.97,1.169,,,
169630,5,5,501707;504349;504351;515366;519402,Chittagong Development Authority,Construction Division-3,cd3/esti/624,M/S KOBITA CONSTRUCTION;M/S. Gulzar Trading;M/S. Shah Amanat Traders;Mahmud Construction;Md M G Azgar Hossain,5,11551431.76,1.155,±10%,,
168749,2,2,494177;564502,Rajdhani Unnayan Kartripakkha (RAJUK),"Office of the Project Director, Urban",URP/RAJUK/W-2,M/S. FORMILA AKTER;Smart Technologies (BD) Ltd.,2,11507072.98,1.151,,,
202112,1,1,969450,Rajdhani Unnayan Kartripakkha (RAJUK),Office of the Superintending Engineer,Rajuk/Electrical-1/24/G-04,MEP ENGINEERING POINT,1,11385916.9,1.139,,,
179491,2,2,688763;688794,Khulna Development Authority (KDA),Office of Exen (Maintenance),KDA/M/2021-2022/Pickup,Rangs Limited,1,10584000.0,1.058,,,
191641,2,1,825783;832064,Rajdhani Unnayan Kartripakkha (RAJUK),Office of the Superintending Engineer,Rajuk/Electrical-1/23/G-02,Star Tech & Engineering Ltd.,1,10540782.33,1.054,,,
187512,2,1,733123;745109,Chittagong Development Authority,Project Director (Master Plan),25.47.1500.071.76.45.22/GD-1,The Decode Ltd.,1,9969999.76,0.997,,,
170470,4,2,514341;514342;514343;662605,Rajdhani Unnayan Kartripakkha (RAJUK),Superintending Engineer (Civil Circle-1),EE/HQ/W-01,M/S. A. R. Enterprise;M/S. AMIN TRADING CORPORATION,2,9699666.41,0.97,,,
111480,1,1,199942,Rajdhani Unnayan Kartripakkha (RAJUK),"Office of the Project Director, Urban",URP/RAJUK/G-4,Hatil Complex Ltd,1,9265034.2,0.927,,,
161180,2,2,398199;409461,Chittagong Development Authority,Electrical & Mechanical Engineering,xen/em/e-330,Dulal Enterprise (Pvt) Ltd.;M/s Anas Trading International,2,9186600.86,0.919,,,
130206,1,1,237820,Rajdhani Unnayan Kartripakkha (RAJUK),"Office of the Project Director, Urban",URP/RAJUK/G-14,MEP ENGINEERING POINT,1,9118701.01,0.912,,,
206817,2,1,1023323;1028832,Chittagong Development Authority,Project Director (CDA Square),PD/CDAsqr/S.P/E68,md abu musa,1,8988920.1,0.899,,,
159826,6,2,376977;389133;427350;437635;475789;475801,Rajdhani Unnayan Kartripakkha (RAJUK),"Office of the Project Director, Urban",URP/RAJUK/G-19,Optimal Technology (Pvt. ) Ltd.;RANCON MOTOR BIKES LIMITED,2,8886507.08,0.889,,,
188649,19,10,1001460;1001461;1031801;1059690;1109349;1167810;1240321;1240322;1240323;1250614;1294288;747343;755479;756104;887587;887588;887589;938968;938969,Rajdhani Unnayan Kartripakkha (RAJUK),Office of the Superintending Engineer,semech-2,Aliza Enterprise;M/S. Maliha Enterprise;MULTITRADE INTERNATIONAL;T.S Enterprise,4,8561774.57,0.856,,,
112017,1,1,201012,Chittagong Development Authority,Project Director(Silimpur),e-silimpur-01,M/S Habib Enterprise,1,8525749.69,0.853,,,
53107,2,2,214247;214275,Rajdhani Unnayan Kartripakkha (RAJUK),Office of the Chief Engineer,Rajuk/North Dhaka/P-9,CONVOY SERVICE;M/S. A. R. Enterprise,2,8346498.3,0.835,,,
205443,3,2,1014738;1038890;1097226,Rajdhani Unnayan Kartripakkha (RAJUK),Office of the Superintending Engineer,Rajuk/Electrical-2/24/G-01,Aliza Enterprise;M/S Raj Development Construction,2,8241405.89,0.824,,,
93860,3,1,202993;209496;209498,Rajdhani Unnayan Kartripakkha (RAJUK),Office of the Chief Engineer,Rajuk/PD_Purbachal/10,M/S Udayan Builders,1,8150725.36,0.815,,,
187078,3,3,728810;730799;791688,Chittagong Development Authority,Project Director (Dewanhat),Pd/dewanhat/e/019,CPDL LTD.;MS TECHNOLOGIES LIMITED;Trade Spin,3,7883023.36,0.788,,,
184957,1,1,703479,Rajshahi Development Authority,Office of the Chairman,RDA/BB square/W/2021-2022/01,PARVEZ CONSTRUCTION LIMITED,1,7829999.1,0.783,,,
207651,2,2,1096839;1096909,Rajdhani Unnayan Kartripakkha (RAJUK),Director (Admin),Rajuk/ Admin-3/25/G-02,ENOVA COMMUNICATIONS;Evergreen Printing press,2,7735436.5,0.774,,,
117437,1,1,212401,Chittagong Development Authority,Project Division,e-Tender EE-project-dhk resthouse-e-5805-r,M/S. Raquib & Brothers,1,7370590.5,0.737,,,
188785,5,3,749274;780102;809857;815786;836329,Chittagong Development Authority,Management Information System (MIS),MIS/Ins:Software/2023/02,MS TECHNOLOGIES LIMITED;Solution World Limited;Verbal,3,7356775.19,0.736,,,
158468,8,4,357570;360423;363990;387658;395550;410561;427246;434918,Chittagong Development Authority,Project Director(M.Uddin),PD/MeStKo/E-57,M/S. Gulzar Trading;M/S. Khaja G.N Enterpriser;M/S. Nice Enterprise,3,7295246.33,0.73,±10%,,
193273,1,1,828053,Rajdhani Unnayan Kartripakkha (RAJUK),Office of the Superintending Engineer,Rajuk/Electrical-2/23/W-01,M/S TANIN ENTERPRISE,1,7198146.0,0.72,,,
205410,2,2,1008472;1147755,Rajdhani Unnayan Kartripakkha (RAJUK),Office of the Superintending Engineer,RAJUK/Electrical-2,M/S Sunny Construction;T.S Enterprise,2,7170739.2,0.717,,,
185197,8,2,1056194;1134392;1140010;1140011;1297773;722613;722614;854205,Rajdhani Unnayan Kartripakkha (RAJUK),Office of the Superintending Engineer,SEMECH-W4,M/S. Mehezabin Enterprise,1,7013879.1,0.701,,,
179660,10,2,616291;616292;616293;616294;632736;632746;632748;632749;639731;639732,Rajdhani Unnayan Kartripakkha (RAJUK),Purbachal New Town Project,Rajuk/PD_Purbachal/75,M/S Sunny Construction;M/S. Sharif & Sons,2,6926842.8,0.693,,,
173790,6,2,545922;549317;549467;550266;550267;563475,Cox's Bazar Development Authority,Cox's Bazar Development Authority,CoxDA/Rev/2020-21/Lighting-4/2,M/S. T.J Construction,1,6912299.2,0.691,,,
112025,1,1,201451,Chittagong Development Authority,Project Director(Silimpur),e-silimpur-03,M/S Habib Enterprise,1,6827889.19,0.683,,,
204348,3,3,1010247;1013009;1076521,Khulna Development Authority (KDA),Office of Exen (Maintenance),KDA/OTM/2024-2025/25,M/S. ROKEYA TRADERS;NURJAHAN ENTERPRISE;Rangs Limited,3,6827698.92,0.683,,,
218878,3,3,1163081;1272190;1273100,Cox's Bazar Development Authority,CoxDA Master Plan,CoxDA/Dev/25-26/MP/Workshop-Seminar,M/S Molla & Brothers;M/S. Prominent Engineers,2,6064174.95,0.606,,,
151893,4,2,284197;300507;322093;322769,Rajshahi Development Authority,Office of the Chairman,RDA/RMDP/G/2018-19/02,ADVANCE TECHNOLOGY CONSORTIUM LIMITED;Thakral Information Systems Private Limi,2,6016920.01,0.602,,,
201659,3,3,1002814;1002854;948446,Rajdhani Unnayan Kartripakkha (RAJUK),Office of the Superintending Engineer,Rajuk/Electrical-2/24/W-02,M/S Sunny Construction;PROPERTY DEVELOPMENT LIMITED;Powercell Engineering Ltd,3,5515194.89,0.552,,,
218667,1,1,1205157,Rajdhani Unnayan Kartripakkha (RAJUK),Office of the Superintending Engineer,Rajuk/Electrical-1/25/G-08,Hazi Traders,1,5177345.0,0.518,,,
129714,3,2,235166;287442;309557,Chittagong Development Authority,Project Director(M.Uddin),PD/Banglow/E-51,M/S. Gulzar Trading;M/S. National Builders,2,5100000.45,0.51,±10%,,
118859,1,1,215555,Chittagong Development Authority,Project Director (Muradpur Flyover),e-tender PD/MF/E5818,M/s. Sohel Incorporation,1,5058783.36,0.506,,,
206011,4,2,1014223;1077063;1154317;1205116,Rajdhani Unnayan Kartripakkha (RAJUK),Office of the Superintending Engineer,RAJUK/SEMEC-4,Furniture Concept & Interior Ltd.;Otobi Limited,2,4970760.12,0.497,,,
118504,9,4,236033;236036;236043;236045;236048;329551;329552;329553;329556,Rajdhani Unnayan Kartripakkha (RAJUK),office of the Chief Engineer ( Project &,Rajuk/Mechanical/6,M/S Techno Trade International;M/s. Halim Enterprise.,2,4757893.01,0.476,,,
207178,4,2,1081271;1081736;1083479;1222794,Rajdhani Unnayan Kartripakkha (RAJUK),Office of the Superintending Engineer,RAJUK/Electrical-2/26/W-01,DAFFODIL ELECTRIC COMPANY LIMITED;PROPERTY DEVELOPMENT LIMITED,2,4723200.36,0.472,,,
200875,1,1,926623,Rajdhani Unnayan Kartripakkha (RAJUK),Superintending Engineer (Civil Circle-2),Rajuk/SECC-2,Nur Traders,1,4722959.14,0.472,,,
151713,2,1,281992;303865,Chittagong Development Authority,Project Director(Mohammad Hasan),PD/memorial/est-1,M/S. Mohshin & Brothers,1,4703277.86,0.47,±10%,,
208892,1,1,1037582,Khulna Development Authority (KDA),Office of the Project Director (KDA Bus,KDA/Busterminal/W2/2024-25,S.A Enterprise,1,4699837.51,0.47,,,
224264,5,3,1251658;1251756;1251766;1257174;1261854,Gazipur Development Authority,"Office of the Chief Engineer, Gazipur",gda-dev-2025-2026-2-3,BROTHER'S SECURITY & SUPPLY CHAIN;CAR RENT. COM BD;GREONY CORPORATION,3,4660164.0,0.466,,,
202791,3,3,975403;976291;976770,Cox's Bazar Development Authority,CoxDA Master Plan,CoxDA/Dev/23-24/MP/Workshop,M/S M R Enterprise;Smart Technologies (BD) Ltd.,2,4613966.22,0.461,,,
52942,1,1,113428,Rajdhani Unnayan Kartripakkha (RAJUK),Office of the Chief Engineer,Rajuk/Purbachal/P-4,GUARD FORCE SERVICES & HUMAN RESOURCE,1,4581878.13,0.458,,,
215920,4,1,1135936;1234622;1262415;1262416,Rajdhani Unnayan Kartripakkha (RAJUK),Office of the Superintending Engineer,RAJUK/Electrical-1/26/G-01,TECHNO SOLUTION,1,4522500.0,0.452,,,
93864,1,1,189828,Rajdhani Unnayan Kartripakkha (RAJUK),Office of the Chief Engineer,Rajuk/SouthDivision/02,M/S. Alam & Co.,1,4511829.04,0.451,,,
186700,3,3,728690;728691;728692,Khulna Development Authority (KDA),Office of Exen (Maintenance),KDA/2022-23/03,Add construction solution,1,4438764.16,0.444,,,
170647,1,1,517916,Rajdhani Unnayan Kartripakkha (RAJUK),Office of the Superintending Engineer,Rajuk/Electrical-2/20/W-06,M/S Sunny Construction,1,4270323.6,0.427,,,
199030,2,2,891746;948435,Rajdhani Unnayan Kartripakkha (RAJUK),Office of the Superintending Engineer,Rajuk/Electrical-1/24/W-02,M/S TANIN ENTERPRISE,1,4263517.85,0.426,,,
57822,1,1,114570,Chittagong Development Authority,Project Director (MehedibagSQ),e-tender/Mehedibagsq/B-07,M/S. R S A TRADE INTERNATIONAL,1,4197894.52,0.42,±10%,,
32334,1,1,64165,Rajshahi Development Authority,Office of the Chaiman,RDA/Bana/W/2016-2017/01,Md.kabir Hossain,1,4187780.12,0.419,,,
51551,1,1,101083,Chittagong Development Authority,Project Director(DC Road),e-TENDERDC-06,M/S. Mohshin & Brothers,1,3963689.31,0.396,,,
22112,1,1,42800,Local Government Engineering,"Office of the Executive Engineer, LGED,",WD-UNR-CTG-BANSH-15/49,M/S. Al-Arif Enterprise,1,3923174.1,0.392,,,
162514,1,1,423315,Chittagong Development Authority,Management Information System (MIS),MIS/ITService/2019/107-1,Innovative Online Ltd.,1,3910680.01,0.391,,,
216976,2,2,1146506;1205153,Rajdhani Unnayan Kartripakkha (RAJUK),Office of the Superintending Engineer,Rajuk/Electrical-1/25/W-02,M/S Sunny Construction;M/S. Bangladesh Computer Land,2,3676426.2,0.368,,,
152356,1,1,291722,Rajshahi Development Authority,Office of the Chairman,RDA/GOB/G/2018-19/02,PS Engineering,1,3630000.0,0.363,,,
56410,1,1,111480,Local Government Engineering,"Office of the Executive Engineer, LGED,",IRIDP-2/STK/MW-147,Md Rafiqul Islam.,1,3560581.22,0.356,,,
187599,1,1,733637,Cox's Bazar Development Authority,Cox's Bazar Development Authority,CoxDA/OF/22-23/OTM/Works/01,M/S N Mohammed Trading,1,3501581.85,0.35,,,
207300,2,2,1074661;1097756,Rajdhani Unnayan Kartripakkha (RAJUK),Office of the Superintending Engineer,Rajuk/Electrical-1/25/W-10,Aliza Enterprise;NATIONAL DEVELOPMENT ENGINEERS LTD.,2,3431382.3,0.343,,,
193341,1,1,824096,Chittagong Development Authority,"Construction Division-1, Chattogram",Cd1/01,M/s.Suraim Enterprise,1,3388017.55,0.339,,,
98880,1,1,199368,Rajdhani Unnayan Kartripakkha (RAJUK),office of the Chief Engineer ( Project &,Rajuk/Electrical-2/18/W-11,M/S. Sany Construction,1,3348987.3,0.335,,,
35487,3,1,101974;144571;72156,Rajdhani Unnayan Kartripakkha (RAJUK),office of the Chief Engineer ( Project &,Rajuk/Mechanical-1/01/P-2,M/s. Halim Enterprise.,1,3242100.0,0.324,,,
163478,1,1,459665,Khulna Development Authority (KDA),Office of the Executive Engineer (Works),kda/goods/01,MAAN BANGLADESH LTD.,1,3102817.5,0.31,,,
187293,4,2,731173;765097;773275;840372,Chittagong Development Authority,"Project Director(M.Uddin), Chittagong",XENHILLE-94,M/S. J.J. Traders;M/S. Nice Enterprise,2,3100988.27,0.31,±10%,,
177988,2,1,1265185;622539,Rajdhani Unnayan Kartripakkha (RAJUK),Office of the Superintending Engineer,RAJUK/Electrical-2/26/G-06,M/S TANIN ENTERPRISE,1,3097300.59,0.31,,,
166705,5,2,478680;498041;523954;539744;539749,Chittagong Development Authority,Project Director(M.Uddin),E-65,M/S. Gulzar Trading;M/s.Suraim Enterprise,2,3096630.41,0.31,±10%;±5%,,
216177,2,2,1138415;1173557,Rajdhani Unnayan Kartripakkha (RAJUK),Construction of multi-storied apartment,RAJUK/PD_9apt/Bldg_01/Arboriculture,M/S MEHNUR TRADERS;M/S. Alam & Co.,2,3080739.26,0.308,,,
214007,2,1,1123494;1124881,Rajdhani Unnayan Kartripakkha (RAJUK),Superintending Engineer (Civil Circle-1),SECC1/EE/HQ/W-02,Aliza Enterprise,1,3048018.49,0.305,,,
205548,2,2,1009276;1072723,Khulna Development Authority (KDA),Office of the Assistant Programmer,computer/2024-2025/02,Intimacy Computer & Solutions;M.A. COMPUTER,2,2915268.43,0.292,,,
205433,2,1,1031711;1031714,Rajdhani Unnayan Kartripakkha (RAJUK),Office of the Superintending Engineer,Rajuk/Electrical-1/24/G-11,Concept Elevators & Engineering Ltd.,1,2899000.18,0.29,,,
224283,5,2,1253316;1253318;1253320;1257398;1261983,Gazipur Development Authority,"Planning Section, Gazipur Development",gda-dev-2025-2026-1-1,BROTHER'S SECURITY & SUPPLY CHAIN;Creative Engineering & Technology,2,2884032.0,0.288,,,
43554,1,1,89768,Department of Public Health Engineering,"Office of the Executive Engineer DPHE,",WB-2415,M/S. Mukta Enterprise,1,2729526.83,0.273,,,
165361,1,1,471795,Cox's Bazar Development Authority,Cox's Bazar Development Authority,CoxDA/eGP OTM-07/2020,M/S. T.J Construction,1,2661750.0,0.266,,,
162651,2,1,425270;436738,Chittagong Development Authority,Project Director (Saltgola),CD-1/E-1470,ELECTROMECH AUTOMATION SERVICES LTD,1,2656104.94,0.266,±10%,,
216869,3,2,1231413;1267626;1306342,Chittagong Development Authority,Management Information System (MIS),25.47.1500.111.30.01.24,B & S ENGINEERING;Fatema Construction BD,2,2634479.68,0.263,,,
216977,2,2,1146509;1146510,Rajdhani Unnayan Kartripakkha (RAJUK),Office of the Superintending Engineer,Rajuk/Electrical-1/25/G-06,Aliza Enterprise;Optimal Technology (Pvt. ) Ltd.,2,2610945.0,0.261,,,
184477,1,1,695670,Khulna Development Authority (KDA),Office of Planning Officer,KDA/EGP-01/PO/2021-2022,YSP TECHNOLOGY,1,2598500.0,0.26,,,
86001,1,1,159826,Local Government Engineering,"Office of the Executive Engineer, LGED,",GPBRIDP/RD-232,M/S. SHAFIQUE TRADERS,1,2575159.2,0.258,,,
207221,1,1,1030720,Rajdhani Unnayan Kartripakkha (RAJUK),Office of the Superintending Engineer,Rajuk/Electrical-1/24/W-10,M/S TANIN ENTERPRISE,1,2538953.35,0.254,,,
178008,2,2,622637;706666,Rajdhani Unnayan Kartripakkha (RAJUK),Office of the Superintending Engineer,Rajuk/Electrical-1/21/W-01,M/S. Bangladesh Computer Land;Silver Sun Electronics,2,2484846.72,0.248,,,
216972,2,2,1146511;1272697,Rajdhani Unnayan Kartripakkha (RAJUK),Office of the Superintending Engineer,Rajuk/Electrical-1/25/W-1,Aliza Enterprise;T.S Enterprise,2,2293857.2,0.229,,,
90287,1,1,171570,Rajdhani Unnayan Kartripakkha (RAJUK),office of the Chief Engineer ( Project &,Rajuk/electrical-1/18/w-7,M/S Nur Enterprise,1,2283984.0,0.228,,,
163485,1,1,507537,Rajdhani Unnayan Kartripakkha (RAJUK),Superintending Engineer (Civil Circle-3),Rajuk/Secc3/02,M/S. Alam & Co.,1,2245665.17,0.225,,,
199096,2,1,891971;916128,Cox's Bazar Development Authority,Cox's Bazar Development Authority,CoxDA/OF/2023-24/Works/OTM/5no. Sculpture,R R Enterprise,1,2241467.99,0.224,,,
52943,1,1,119545,Rajdhani Unnayan Kartripakkha (RAJUK),Office of the Chief Engineer,5-3205-3111-UMT/07,M/S. A. R. Enterprise,1,2237776.42,0.224,,,
179898,1,1,629331,Chittagong Development Authority,Electrical & Mechanical Engineering,EM01,Power Net Enterprise,1,2230689.6,0.223,,,
184772,1,1,699961,Khulna Development Authority (KDA),Office of the Assistant Programmer,Computer/2021-22/01,M/s B. D. & CO,1,2142865.12,0.214,,,
191616,2,1,825901;888828,Rajdhani Unnayan Kartripakkha (RAJUK),Office of the Superintending Engineer,Rajuk/Electrical-1/23/W-01,Daffodil Electric Company,1,2130000.1,0.213,,,
224425,5,2,1253425;1253427;1253428;1257431;1262256,Gazipur Development Authority,"Office of the Member,Administration and",gda-dev-2025-2026-3-3,BROTHER'S SECURITY & SUPPLY CHAIN;Creative Engineering & Technology,2,2075880.25,0.208,,,
129743,1,1,235131,Chittagong Development Authority,Project Director(M.Uddin),pd/OfficeBhaban/E-42,M/S. S.K. Traders & Suppliers,1,2070872.24,0.207,±10%,,
202318,1,1,960601,Rajshahi Development Authority,Office of the Chairman,Liasion Office-1,M/S Gazi Construction,1,1965000.0,0.197,,,
59360,3,2,134910;134917;214561,Rajdhani Unnayan Kartripakkha (RAJUK),office of the Chief Engineer ( Project &,Rajuk/Mechanical/3,M/S. Maliha Enterprise;M/s. Halim Enterprise.,2,1905115.01,0.191,,,
204772,6,1,1006947;1032943;1049598;1111428;1123107;1128572,Chittagong Development Authority,"Project Director(M.Uddin), Chittagong",ExEn/OficeBuilding/E-126,M/S. Haroon & Brothers,1,1875002.61,0.188,±10%,,
170655,3,1,517938;517945;536846,Rajdhani Unnayan Kartripakkha (RAJUK),Office of the Superintending Engineer,Rajuk/Electrical-1/20/W-07,M/S Sunny Construction,1,1634709.6,0.163,,,
145128,1,1,276518,Rajdhani Unnayan Kartripakkha (RAJUK),office of the Chief Engineer ( Project &,Rajuk/Admin/4,Mitu Printing Press & Packaging,1,1588977.57,0.159,,,
182941,2,1,655654;670297,Chittagong Development Authority,Project Director (Master Plan),224311100/GD-2,MS TECHNOLOGIES LIMITED,1,1544500.02,0.154,,,
10014,1,1,18994,Rajdhani Unnayan Kartripakkha (RAJUK),office of Chief Engineer ( Project &,e-GP/02/CE(P&D)/MIS/2014-15,ConnectBD Limited,1,1512000.04,0.151,,,
106614,1,1,192714,Chittagong Development Authority,Management Information System (MIS),Tender bat-svr-ac-84,Smart Digital Technologies,1,1480801.07,0.148,,,
187390,4,1,731597;745614;836225;840860,Rajshahi Development Authority,Office of the Chairman,RDA/GOB/G/2022- 23/01,ETASA ENTERPRISE,1,1450736.1,0.145,,,
169562,1,1,510186,Rajdhani Unnayan Kartripakkha (RAJUK),Superintending Engineer (Civil Circle-1),Admin-01,INQILAB ENTERPRISE,1,1437851.26,0.144,,,
75659,1,1,169223,Rajdhani Unnayan Kartripakkha (RAJUK),office of the Chief Engineer ( Project &,Rajuk/Electrical-1/14,Silver Sun Electronics,1,1430370.83,0.143,,,
57030,1,1,119636,Rajdhani Unnayan Kartripakkha (RAJUK),office of the Chief Engineer ( Project &,Rajuk/Electrical-1,Chanderima Refrigeration,1,1380218.4,0.138,,,
89671,1,1,168749,Local Government Engineering,"Office of the Executive Engineer, LGED,",e-Tender/LGED/Bari/GOBM/17-18/W-51,M/S Oshin Enterprise,1,1367468.16,0.137,,,
163491,1,1,448675,Khulna Development Authority (KDA),Office of the Assistant Programmer,Goods-Computer001/2019-20,MHR ENGINEERING,1,1355352.03,0.136,,,
214051,1,1,1121584,Cox's Bazar Development Authority,Cox's Bazar Development Authority,CoxDA/OwnFund/24-25/OTM/Works-BoundaryWall,S.A.K. ENTERPRISE,1,1351952.36,0.135,,,
129752,1,1,234888,Chittagong Development Authority,Project Director(M.Uddin),pd/CDAAnnex/E-43,M/S. Gulzar Trading,1,1321574.08,0.132,±10%,,
184126,4,1,685799;685873;685885;704165,Rajdhani Unnayan Kartripakkha (RAJUK),Office of the Superintending Engineer,Rajuk/Electrical-1/21/W-04,M/S Sunny Construction,1,1321392.6,0.132,,,
178217,1,1,622586,Rajdhani Unnayan Kartripakkha (RAJUK),Office of the Superintending Engineer,Rajuk/Electrical-2/21/W-01,M/S TANIN ENTERPRISE,1,1279542.6,0.128,,,
167265,2,1,528460;540981,Cox's Bazar Development Authority,Cox's Bazar Development Authority,CoxDA/eGP OTM-10/2020,Frontline Communications Ltd,1,1264004.7,0.126,,,
143423,1,1,262818,Khulna Development Authority (KDA),Office of the Assistant Programmer,Goods-001/2018-19,M.A. COMPUTER,1,1154500.05,0.115,,,
218711,3,1,1189629;1222799;1234620,Rajdhani Unnayan Kartripakkha (RAJUK),Office of the Superintending Engineer,RAJUK/Electrical-2/26/W-02,T.S Enterprise,1,1147531.0,0.115,,,
170706,1,1,514221,Chittagong Development Authority,Management Information System (MIS),MIS/DC/209/104/P-01,Endeavour Technologies Ltd,1,1045150.24,0.105,,,
151276,1,1,276885,Khulna Development Authority (KDA),Office of the Assistant Programmer,egp-goods-002,STRATEGIC BD LEAD CORPORATION,1,974300.15,0.097,,,
220759,4,1,1189962;1199127;1257433;1265472,Cox's Bazar Development Authority,Cox's Bazar Development Authority,CoxDA/OF/2025-26/Vehicle_Sec,M/S Molla & Brothers,1,959990.4,0.096,,,
97222,2,1,179865;179866,Khulna Development Authority (KDA),Office of the Assistant Programmer,Goods-001/2017-18,Crescent Computers Ltd.,1,900000.0,0.09,,,
156527,1,1,376450,Rajdhani Unnayan Kartripakkha (RAJUK),office of the Chief Engineer ( Project &,Rajuk/Electrical-2/19/W-01,M/S TANIN ENTERPRISE,1,865065.77,0.087,,,
153008,1,1,302667,Khulna Development Authority (KDA),Office of Planning Officer,KDA/EGP-01/PO/2018-2019,ENTECH INSTRUMENTS LTD,1,786000.0,0.079,,,
189161,1,1,755274,Rajdhani Unnayan Kartripakkha (RAJUK),Office of the Superintending Engineer,Rajuk/Electrical-1/22/W-01,T.S Enterprise,1,751429.8,0.075,,,
136679,1,1,251218,Rajdhani Unnayan Kartripakkha (RAJUK),Office of the Chief Engineer,Rajuk/SouthDivision/05,M/S Techno Trade International,1,742979.67,0.074,,,
139179,2,2,260451;260513,Rajdhani Unnayan Kartripakkha (RAJUK),office of the Chief Engineer ( Project &,Rajuk/ Electrical-1/18/ W-03,Silver Sun Electronics,1,575330.21,0.058,,,
153380,1,1,316510,Rajdhani Unnayan Kartripakkha (RAJUK),office of the Chief Engineer ( Project &,Rajuk/ Electrical-1/19/ W-01,M/S TANIN ENTERPRISE,1,570000.0,0.057,,,
170693,1,1,536842,Rajdhani Unnayan Kartripakkha (RAJUK),Office of the Superintending Engineer,Rajuk/Electrical-1/20/W-08,T.S Enterprise,1,517536.19,0.052,,,
151675,1,1,294444,Rajdhani Unnayan Kartripakkha (RAJUK),office of the Chief Engineer ( Project &,Rajuk/ Electrical-1/19/G-1,M/S Howlader Trading International,1,499900.0,0.05,,,
218757,1,1,1205162,Rajdhani Unnayan Kartripakkha (RAJUK),Office of the Superintending Engineer,Rajuk/Electrical-1/25/W-07,T.S Enterprise,1,491181.25,0.049,,,
171268,2,1,524780;561734,Khulna Development Authority (KDA),Office of the Assistant Programmer,Goods-Computer 003/2020-21,Flora Limited,1,438000.0,0.044,,,
127436,1,1,294388,Rajdhani Unnayan Kartripakkha (RAJUK),office of the Chief Engineer ( Project &,Rajuk/ Electrical-2/ W-11,T.S Enterprise,1,430185.6,0.043,,,
218677,3,1,1205154;1206004;1232699,Rajdhani Unnayan Kartripakkha (RAJUK),Office of the Superintending Engineer,RAJUK/Electrical-2/25/W-1,MAAN BANGLADESH LTD.,1,405716.09,0.041,,,
224741,1,1,1257073,Gazipur Development Authority,"Admin and Finance Section, Gazipur",gda-rev-2025-2026-1,FURNITURE SOLUTION & INTERIOR,1,305100.0,0.031,,,
8074,1,1,15000,Power Grid Company of Bangladesh Ltd.,"Grid Maintenance Division, Comilla",eT:gmd/com/com(n)ss/14/03,OptiNet,1,280119.68,0.028,,,
190064,2,0,782755;814522,Chittagong Development Authority,Project Director(Elevated ExpressWay),224129200-WD2,,0,0,0.0,,,
170472,4,0,515689;516211;516212;516485,Chittagong Development Authority,Construction Division-2,CD2/E-931-02,,0,0,0.0,,,
174484,3,0,558181;591949;699958,Rajshahi Development Authority,Office of the Chairman,RDA/RMDP/G/2020-2021/01.,,0,0,0.0,,,
200807,6,0,925871;925890;926061;926062;926063;926064,Khulna Development Authority (KDA),Office of the Estate Director,KDA/Estate-2/2023-2024,,0,0,0.0,,,
98883,1,0,199377,Rajdhani Unnayan Kartripakkha (RAJUK),office of the Chief Engineer ( Project &,Rajuk/Electrical-2/18/W-12,,0,0,0.0,,,
97474,3,0,198861;199363;199364,Rajdhani Unnayan Kartripakkha (RAJUK),office of the Chief Engineer ( Project &,Rajuk/Electrical-2/18/W-8,,0,0,0.0,,,
209370,2,0,1044421;1054573,Chittagong Development Authority,Office of the Secretary,PO/79/Part-3-2,,0,0,0.0,,,
163357,4,0,480550;480572;583196;583212,Rajdhani Unnayan Kartripakkha (RAJUK),Office of the Superintending Engineer,Rajuk/Electrical-2/20/W-05,,0,0,0.0,,,
202913,1,0,980104,Rajdhani Unnayan Kartripakkha (RAJUK),Office of the Superintending Engineer,Rajuk/Electrical-1/24/G-08,,0,0,0.0,,,
59418,1,0,119629,Rajdhani Unnayan Kartripakkha (RAJUK),office of the Chief Engineer ( Project &,Rajuk/Electrical-1/15,,0,0,0.0,,,
216874,4,0,1153793;1153808;1153840;1153888,Chittagong Development Authority,Construction Division-2,Xen/CD-2/kolpolok-01,,0,0,0.0,,,
145420,1,0,286205,Rajdhani Unnayan Kartripakkha (RAJUK),Office of the Chief Engineer,Rajuk/Central Dhaka/P-12,,0,0,0.0,,,
35368,1,0,68947,Rajshahi Development Authority,Office of the Chairman,RDA/Bono/G/2016-2017/01,,0,0,0.0,,,
209470,4,0,1048608;1128704;1129166;1129170,Chittagong Development Authority,Management Information System (MIS),MIS/SERVER AND UPS PURCHASE/H.W. PURCHASE/2018/84,,0,0,0.0,,,
186168,1,0,745718,Rajdhani Unnayan Kartripakkha (RAJUK),Superintending Engineer (Civil Circle-1),RAJUK/SE/CC-1/Div-1/W-1,,0,0,0.0,,,
108287,1,0,198333,Rajdhani Unnayan Kartripakkha (RAJUK),office of the Chief Engineer ( Project &,Rajuk/ Electrical-1/18/W-10,,0,0,0.0,,,
46121,1,0,96142,Rajdhani Unnayan Kartripakkha (RAJUK),office of the Chief Engineer ( Project &,Rajuk_Dir_Admin,,0,0,0.0,,,
64818,1,0,126807,Rajdhani Unnayan Kartripakkha (RAJUK),Office of the Chief Engineer,Rajuk/Central Dhaka/P-11,,0,0,0.0,,,
163396,3,0,480539;506934;583276,Rajdhani Unnayan Kartripakkha (RAJUK),Office of the Superintending Engineer,Rajuk/Electrical-1/20/W-04,,0,0,0.0,,,
165272,1,0,469159,Chittagong Development Authority,Project Director(Elevated ExpressWay),02 Procurement of Vehicle.,,0,0,0.0,,,
200761,2,0,924201;968867,Chittagong Development Authority,Management Information System (MIS),CDA/MIS/ITS/23/04,,0,0,0.0,,,
136666,1,0,251214,Rajdhani Unnayan Kartripakkha (RAJUK),Office of the Chief Engineer,Rajuk/SouthDivision/04,,0,0,0.0,,,
216906,2,0,1142890;1265434,Khulna Development Authority (KDA),Office of Exen (works),WD-01 Remaning,,0,0,0.0,,,
215901,3,0,1135970;1149822;1254223,Rajdhani Unnayan Kartripakkha (RAJUK),Superintending Engineer (Civil Circle-1),SECC1/EE/HQ/W-07,,0,0,0.0,,,
44560,2,0,89904;89908,Rajdhani Unnayan Kartripakkha (RAJUK),office of the Chief Engineer ( Project &,Rajuk/Electrical-01/09,,0,0,0.0,,,
56947,1,0,114054,Rajdhani Unnayan Kartripakkha (RAJUK),Office of the Chief Engineer,Rajuk/Pd_lake/03,,0,0,0.0,,,
35498,2,0,141649;72166,Rajdhani Unnayan Kartripakkha (RAJUK),office of the Chief Engineer ( Project &,Rajuk/Electrical-2/01/P-1,,0,0,0.0,,,
227376,1,0,1307402,Rajdhani Unnayan Kartripakkha (RAJUK),Superintending Engineer (Civil Circle-3),RAJUK/SECC-3/26-W1,,0,0,0.0,,,
84196,24,0,174655;174658;174661;174662;174664;174665;174666;174667;174668;174669;199294;199306;199307;287329;287337;287341;287345;287350;287352;287354;287356;287357;287358;287360,Rajdhani Unnayan Kartripakkha (RAJUK),office of the Chief Engineer ( Project &,GD/UAP/EM/2016-2017/CCTV/13,,0,0,0.0,,,
53026,1,0,110916,Rajdhani Unnayan Kartripakkha (RAJUK),office of the Chief Engineer ( Project &,Rajuk/Mechanical/,,0,0,0.0,,,
200016,6,0,905028;905029;905030;905031;905032;905033,Rajdhani Unnayan Kartripakkha (RAJUK),Purbachal New Town Project,RAJUK/PD_Purbachal/SL-5,,0,0,0.0,,,
226423,2,0,1288890;1290616,Gazipur Development Authority,"Admin and Finance Section, Gazipur",gda-rev-2025-2026-3,,0,0,0.0,,,
203541,3,0,993988;993999;995096,Chittagong Development Authority,Office of the Secretary,PO/110/P2/F,,0,0,0.0,,,
158165,1,0,360496,Rajdhani Unnayan Kartripakkha (RAJUK),office of the Chief Engineer ( Project &,Rajuk/Electrical-1/19/W-01,,0,0,0.0,,,
225256,1,0,1266322,Chittagong Development Authority,Project Director(Elevated ExpressWay),Description : PD/Elevated/Toll/Service/322,,0,0,0.0,,,
215270,2,0,1132951;1173472,Khulna Development Authority (KDA),Office of Planning Officer,KDA/EGP-02/PO/2025-26,,0,0,0.0,,,
224120,1,0,1251823,Chittagong Development Authority,"Project Director(M.Uddin), Chittagong",XEN/BBE-136/01,,0,0,0.0,,,
134227,3,0,247987;248286;248317,Rajdhani Unnayan Kartripakkha (RAJUK),office of the Chief Engineer ( Project &,UAP/EM/18/G-02,,0,0,0.0,,,
36039,2,0,72113;72139,Rajdhani Unnayan Kartripakkha (RAJUK),Office of the Chief Engineer,RDC-12,,0,0,0.0,,,
184613,1,0,704135,Rajdhani Unnayan Kartripakkha (RAJUK),Office of the Superintending Engineer,Rajuk/Electrical-1/21/W-05,,0,0,0.0,,,
210852,2,0,1077511;1129777,Rajdhani Unnayan Kartripakkha (RAJUK),Director (Admin),RAJUK/Director_Admin/P-2,,0,0,0.0,,,
226756,1,0,1305867,Chittagong Development Authority,Office of the Secretary,25.47.1500.017.07.004.23/01,,0,0,0.0,,,
170159,4,0,507215;527700;528774;547817,Chittagong Development Authority,Construction Division-1,CD1-/E-1477,,0,0,0.0,±10%,,
110799,1,0,209949,Rajdhani Unnayan Kartripakkha (RAJUK),Office of the Chief Engineer,Rajuk/SouthDivision/03,,0,0,0.0,,,
162569,1,0,423280,Rajdhani Unnayan Kartripakkha (RAJUK),Uttara Apartment Project,RAJUK/UAP/NCT-04,,0,0,0.0,,,
208818,1,0,1036609,Chittagong Development Authority,Construction Division-2,CD2/CP-1/E-4,,0,0,0.0,,,
93852,1,0,172775,Rajdhani Unnayan Kartripakkha (RAJUK),Office of the Chief Engineer,Rajuk/PD_Jhilmil/01,,0,0,0.0,,,
188782,2,0,748220;844951,Chittagong Development Authority,Construction Division-2,CD-2/E-949,,0,0,0.0,±10%,,
203567,1,0,993983,Chittagong Development Authority,Project Director(Elevated ExpressWay),EEW/WD4,,0,0,0.0,,,
217281,2,0,1146762;1229751,Khulna Development Authority (KDA),Office of the Project Director (KDA Bipone,KDA/BBP/WD-1Remaining/2025-26,,0,0,0.0,,,
178455,1,0,627787,Chittagong Development Authority,Project Director(Rajib Das),PD/Anannaya/01,,0,0,0.0,,,
42405,1,0,85344,Rajdhani Unnayan Kartripakkha (RAJUK),Office of the Chief Engineer,Rajuk/Uttara 3rd Phase,,0,0,0.0,,,
204126,1,0,1002615,Chittagong Development Authority,Project Director(Water Logging),PD/waterlogging/est/excav/125,,0,0,0.0,,,
97959,1,0,178554,Chittagong Development Authority,Project Division,e-TENDER EE-project-dhk resthouse-e-5805,,0,0,0.0,,,
190680,1,0,786407,Chittagong Development Authority,"Executive Engineer, Construction Division-",CD3/EST/630,,0,0,0.0,±10%,,
39292,1,0,79261,Rajdhani Unnayan Kartripakkha (RAJUK),Office of the Chief Engineer,Rajuk/CentralDhaka/01,,0,0,0.0,,,
44556,1,0,89828,Rajdhani Unnayan Kartripakkha (RAJUK),Office of the Chief Engineer,Rajuk/PD_Hatirjheel/01,,0,0,0.0,,,
135402,2,0,260788;260843,Rajdhani Unnayan Kartripakkha (RAJUK),office of the Chief Engineer ( Project &,Rajuk/ Electrical-1/18/ W-02,,0,0,0.0,,,
52936,1,0,214250,Rajdhani Unnayan Kartripakkha (RAJUK),Office of the Chief Engineer,Rajuk/Central Dhaka/P-4,,0,0,0.0,,,
225970,1,0,1280331,Chittagong Development Authority,Project Director(CRBKRKBC),XEN/IP/151,,0,0,0.0,,,
77926,1,0,147563,Chittagong Development Authority,Management Information System (MIS),e-TENDER BB-LED,,0,0,0.0,,,
147020,1,0,265155,Chittagong Development Authority,Project Director(Elevated ExpressWay),02Procurment of vehicle,,0,0,0.0,,,
227176,2,0,1306351;1306354,Gazipur Development Authority,"Admin and Finance Section, Gazipur",gda-own-2025-2026-2,,0,0,0.0,,,
93683,1,0,174034,Rajdhani Unnayan Kartripakkha (RAJUK),office of the Chief Engineer ( Project &,Rajuk/electrical-1/18/w-9,,0,0,0.0,,,
198284,1,0,894645,Chittagong Development Authority,"Executive Engineer, Construction Division-",XENCD3Works2023-1,,0,0,0.0,,,
214163,1,0,1124277,Chittagong Development Authority,Project Director(Elevated ExpressWay),EEW/01/2024-25,,0,0,0.0,,,
62062,1,0,122105,Rajdhani Unnayan Kartripakkha (RAJUK),Office of the Chief Engineer,Rajuk/North Dhaka/P-8,,0,0,0.0,,,
9491,1,0,18000,Roads & Highways Department (RHD),Dinajpur Road Division,22-eGP/RHD/EE/DRD/2014-2015.,,0,0,0.0,,,
226302,1,0,1287229,Chittagong Development Authority,Project Director (Master Plan),25.47.1500.071.76.074.26/GD6,,0,0,0.0,,,
95126,1,0,173113,Chittagong Development Authority,Management Information System (MIS),e-TENDER MIS-LED-84,,0,0,0.0,,,
194831,2,0,953792;953793,Khulna Development Authority (KDA),Office of Exen (Maintenance),KDA/OTM/2023-2024/14,,0,0,0.0,,,
181976,2,0,644697;657600,Chittagong Development Authority,Deputy Secretary,25.47.1500.017.30.122.21-1,,0,0,0.0,,,
204802,2,0,1007160;1020481,Khulna Development Authority (KDA),Office of the Project Director (KDA,WD-1/multipurpose building/2024-25,,0,0,0.0,,,
170733,1,0,1022432,Rajdhani Unnayan Kartripakkha (RAJUK),Office of the Superintending Engineer,RAJUK/Electrical-1/AC,,0,0,0.0,,,
59358,1,0,119632,Rajdhani Unnayan Kartripakkha (RAJUK),office of the Chief Engineer ( Project &,Rajuk/Electrical-1/11,,0,0,0.0,,,
183808,1,0,675266,Rajshahi Development Authority,Office of the Chairman,RDA/Park/W/2021-2022/01,,0,0,0.0,,,
