tender_id,source_file,page,amendment_no,amendment_no_printed,changed_fields,changed_field_count,eligibility_changed,has_change_table,notice_text
100483,Tender Notice_PDFs/CDA_Tender_100483.pdf,2,1,1,Eligibility of Consultant;TDS/PDS--C. Qualification Criteria--,2,yes,yes,Tender Notice and Data Sheet Modification
1006947,Tender Notice_PDFs/CDA_Tender_1006947.pdf,2,1,1,Eligibility of Consultant,1,yes,yes,Including the design
133881,Tender Notice_PDFs/CDA_Tender_133881.pdf,2,1,"1 It is hereby notified to all concern that the following amendment have been made to the invitation of work Tender Invitation ID No.- 133881, due to unavoidable circumstances and the amendments shall be as follows: 1. Tender Closing Date and Time will be 05/09/2018 at 01.00 P.M instead of Tender Closing Date and Time: 19/08/2018 at 01.00 P.M.",,0,no,no,2. Tender Opening Date and Time will be 05/09/2018 at 01.00 P.M instead of Tender opening Date and Time: 19/08/2018 at 01.00 P.M. All other Term’s and Conditions of the above tender will remain unchanged. This corrigendum notice will also be an integral part of the tender
235131,Tender Notice_PDFs/CDA_Tender_235131.pdf,2,1,1 Corrigendum Last Date and Time For Tender/proposal closing and openning Date and Time,Closing Date & Time;Last date & time for Tender/Proposal Security Submission;Opening Date & Time,3,no,yes,"Tender/Proposal Security Submission 19-Nov-2018 19-11-2018, 12;00 11:00"
342502,Tender Notice_PDFs/CDA_Tender_342502.pdf,2,1,"1 e-GP Tender Notice Corrigendum It is hereby notified to all concern that the following amendment have been made to the invitation of eGP Tender ID: 342502 of this office Reference No.- PD/anyanna/Est/127 dated: 08/08/2019. ITT Clause no. 16.1(a) :- Average Annual Construction Turnover Over 11 Crore BOQ- (Item no- 01, 02, 03, 04, 05, 06) Details of amendment is stated in Revised BOQ .",Closing Date & Time;Document last selling date & time;Last date & time for Tender/Proposal Security Submission;Opening Date & Time;TDS/PDS--C. Qualification Criteria--,5,yes,yes,Tender Last Selling Date : - 24/09/2019. 11.00 Tender Closing Date and Time: - 24/09/2019 at 16.30 Tender opening Date and Time:- 24/09/2019 at 16.30
395550,Tender Notice_PDFs/CDA_Tender_395550.pdf,2,1,1,Tender/Proposal Security (Amount in BDT)(Lot No : 1),1,no,yes,Corrigendum Of Tender Security
398199,Tender Notice_PDFs/CDA_Tender_398199.pdf,2,4,4,Closing Date & Time;Completion Date(Lot No : 1);Document last selling date & time;Eligibility of Consultant;Last date & time for Tender/Proposal Security Submission;Opening Date & Time;Start Date(Lot No : 1),7,yes,yes,Time extention due to pendamic issue
409461,Tender Notice_PDFs/CDA_Tender_409461.pdf,2,5,5,Closing Date & Time;Completion Date(Lot No : 1);Document last selling date & time;Eligibility of Consultant;Last date & time for Tender/Proposal Security Submission;Opening Date & Time;Start Date(Lot No : 1),7,yes,yes,Time extention due to pendamic issue
423315,Tender Notice_PDFs/CDA_Tender_423315.pdf,2,3,"3 Section Name: -Tender Document- Section 6. Bill of Quantities Old Value: SL: 1- Field name: Description: Maintenance work of all the Hardware & Network< LAN, WAN, Software related to PC, related jobs including data entry, Maintain all data backup etc with 6 maintenance person in 6 different dept. Field name: Quantity -06 SL: 2- Field name: Description",Closing Date & Time;Document last selling date & time;Eligibility of Consultant;Last date & time for Tender/Proposal Security Submission;Opening Date & Time,5,yes,yes,"Amendments/Changes: Section Name: -Tender Document- Section 6. Bill of Quantities SL: 1 Field name: Description: Maintenance work of all the Hardware & Network< LAN, WAN, Software related to PC, related jobs including data entry, Maintain all data backup etc with 5 maintenance person in 5 different dept.(for 36 Months) Field name: Quantity -05 SL: 2 Field name: Description: to be added “(for 36 Months)” at end"
514221,Tender Notice_PDFs/CDA_Tender_514221.pdf,2,1,"1 Amendment in Eligibility: Previous Value: 10. Suppliers shall be a registered (Ltd.) company of Bangladesh with proper documents of Trade License, Valid TIN",Closing Date & Time;Document last selling date & time;Eligibility of Consultant;Opening Date & Time,4,yes,yes,"Certificate (Up-to-date), VAT Registration. New Value: 10. Suppliers shall be a registered (Ltd.) company of Bangladesh with proper documents of Trade License (Up-to-date), Valid TIN Certificate (Up-to-date), VAT Registration."
515689,Tender Notice_PDFs/CDA_Tender_515689.pdf,2,1,1,Closing Date & Time;Document last selling date & time;Last date & time for Tender/Proposal Security Submission;Opening Date & Time,4,no,yes,Plaese find the Amendment/ Corrigendum listed below
516211,Tender Notice_PDFs/CDA_Tender_516211.pdf,2,1,1,Closing Date & Time;Document last selling date & time;Last date & time for Tender/Proposal Security Submission;Opening Date & Time,4,no,yes,Plaese find the Amendment/ Corrigendum listed below
516212,Tender Notice_PDFs/CDA_Tender_516212.pdf,2,1,1,Closing Date & Time;Document last selling date & time;Last date & time for Tender/Proposal Security Submission;Opening Date & Time,4,no,yes,Plaese find the Amendment/ Corrigendum listed below
516485,Tender Notice_PDFs/CDA_Tender_516485.pdf,2,1,1,Closing Date & Time;Document last selling date & time;Last date & time for Tender/Proposal Security Submission;Opening Date & Time,4,no,yes,Plaese find the Amendment/ Corrigendum listed below
644083,Tender Notice_PDFs/CDA_Tender_644083.pdf,2,1,1 Amended as follows,Closing Date & Time;Document last selling date & time;Last date & time for Tender/Proposal Security Submission;Opening Date & Time;Tender/Proposal Security (Amount in BDT)(Lot No : 01),5,no,yes,Description Original Amended Tender/Proposal Security BDT 830000 BDT 83000
657600,Tender Notice_PDFs/CDA_Tender_657600.pdf,2,1,1,Closing Date & Time;Document last selling date & time;Eligibility of Consultant;Last date & time for Tender/Proposal Security Submission;Opening Date & Time,5,yes,yes,Amendment
669414,Tender Notice_PDFs/CDA_Tender_669414.pdf,2,1,1,Closing Date & Time;Last date & time for Tender/Proposal Security Submission;Opening Date & Time,3,no,yes,Security Submission Extension
727849,Tender Notice_PDFs/CDA_Tender_727849.pdf,2,1,1,Tender/Proposal Security (Amount in BDT)(Lot No : 1),1,no,yes,Amendment/ Corrigendum in Tender/Proposal Security
733123,Tender Notice_PDFs/CDA_Tender_733123.pdf,2,1,1 Amendment in Tender Documents in Section No. -05 Price and Delivery Schedule for Goods (Form e-PG3-3A) – Item specification – 1 and 2,Closing Date & Time;Document last selling date & time;Last date & time for Tender/Proposal Security Submission;Opening Date & Time,4,no,yes,Price and Delivery Schedule for Related Services (Form e-PG3-3B)- Item specification – 1 and 2
786407,Tender Notice_PDFs/CDA_Tender_786407.pdf,2,1,1,Completion Date(Lot No : 01);Eligibility of Consultant;TDS/PDS--C. Qualification Criteria--,3,yes,yes,Amendment in Tender Notice and Tender Documents(TDS and PCC)
815786,Tender Notice_PDFs/CDA_Tender_815786.pdf,2,1,1,Closing Date & Time;Completion Date(Lot No : 01);Document last selling date & time;Eligibility of Consultant;Last date & time for Tender/Proposal Security Submission;Meeting End Date & Time;Opening Date & Time;Start Date(Lot No : 01),8,yes,yes,Amendment in eligibility.
993983,Tender Notice_PDFs/CDA_Tender_993983.pdf,2,1,1,Closing Date & Time;Completion Date(Lot No : 1);Document last selling date & time;Eligibility of Consultant 1 2 3 4 5 6 7;Last date & time for Tender/Proposal Security Submission;Opening Date & Time;Start Date(Lot No : 1),7,yes,yes,Considering the current situation of the state
993988,Tender Notice_PDFs/CDA_Tender_993988.pdf,2,1,1,Closing Date & Time;Document last selling date & time;Eligibility of Consultant 1 2 3 4 5 6 7 8 9 10;Last date & time for Tender/Proposal Security Submission;Opening Date & Time;TDS/PDS--A. General--;TDS/PDS--A. General-- 1 2 3 4 5 6 7 8 9;TDS/PDS--B. Tender Document--;TDS/PDS--D. Tender Preparation--;TDS/PDS--E. e-Tender Submission--,10,yes,yes,Change in different content
993999,Tender Notice_PDFs/CDA_Tender_993999.pdf,2,1,1,Closing Date & Time;Document last selling date & time;Eligibility of Consultant 1 2 3 4 5 6 7 8 9 10;Last date & time for Tender/Proposal Security Submission;Opening Date & Time;TDS/PDS--A. General--;TDS/PDS--A. General-- 1 2 3 4 5 6 7 8 9;TDS/PDS--B. Tender Document--,8,yes,yes,Change in different content
995096,Tender Notice_PDFs/CDA_Tender_995096.pdf,2,2,2,Closing Date & Time;Document last selling date & time;Eligibility of Consultant 1 2 3 4 5 6 7 8 9 10;Last date & time for Tender/Proposal Security Submission;Opening Date & Time;Start Date(Lot No : 1);TDS/PDS--A. General--;TDS/PDS--A. General-- 1 2 3 4 5 6 7 8 9;TDS/PDS--B. Tender Document--;TDS/PDS--D. Tender Preparation--,10,yes,yes,Change in different content
1024391,Tender Notice_PDFs/COXDA_Tender_1024391.pdf,2,1,1,Closing Date & Time;Document last selling date & time;Eligibility of Consultant;Last date & time for Tender/Proposal Security Submission;Opening Date & Time,5,yes,yes,Updating of Experience Criteria
1183753,Tender Notice_PDFs/COXDA_Tender_1183753.pdf,2,1,1,Closing Date & Time;Document last selling date & time;Last date & time for Tender/Proposal Security Submission;Opening Date & Time,4,no,yes,Extension of Tender Submission Deadline.
509251,Tender Notice_PDFs/COXDA_Tender_509251.pdf,2,2,2,Eligibility of Consultant,1,yes,yes,Change in Tender Notice
549299,Tender Notice_PDFs/COXDA_Tender_549299.pdf,2,1,1,Eligibility of Consultant,1,yes,yes,Addition to Particular Specifications
549431,Tender Notice_PDFs/COXDA_Tender_549431.pdf,2,1,1,Eligibility of Consultant,1,yes,yes,Addition to Particular Specifications
563563,Tender Notice_PDFs/COXDA_Tender_563563.pdf,2,2,2,Closing Date & Time;Document last selling date & time;Last date & time for Tender/Proposal Security Submission;Opening Date & Time;Start Date(Lot No : 1);Tender/Proposal Security (Amount in BDT)(Lot No : 1),6,no,yes,Tender Security Date Correction
827087,Tender Notice_PDFs/COXDA_Tender_827087.pdf,2,1,"1 In order to ensure more competition in tender,TDS Clause 9.1 needs to be changed as follows",Eligibility of Consultant,1,yes,yes,A satisfactory completion of similar works of at least Tk 5.00 (Five) lac under 1.00 (One) of contract(s) over a period of 3 (Three) years shall be required.
916128,Tender Notice_PDFs/COXDA_Tender_916128.pdf,2,1,1,Closing Date & Time;Document last selling date & time;Eligibility of Consultant;Last date & time for Tender/Proposal Security Submission;Meeting End Date & Time;Meeting Start Date & Time;Opening Date & Time,7,yes,yes,extention of opening date.
925146,Tender Notice_PDFs/COXDA_Tender_925146.pdf,2,2,2,Closing Date & Time;Document last selling date & time;Last date & time for Tender/Proposal Security Submission;Meeting End Date & Time;Opening Date & Time,5,no,yes,Regarding last 3 days being bank holiday and extension of tender security submission time to get competitive bids
963968,Tender Notice_PDFs/COXDA_Tender_963968.pdf,2,1,1,,0,no,yes,Technical Specifications and Compliance of Goods and related services (Form e-PG2-3) has been updated.
971720,Tender Notice_PDFs/COXDA_Tender_971720.pdf,2,1,1,Closing Date & Time;Document last selling date & time;Last date & time for Tender/Proposal Security Submission;Opening Date & Time,4,no,yes,Extending submission deadline to increase competition.
971832,Tender Notice_PDFs/COXDA_Tender_971832.pdf,2,2,2,Closing Date & Time;Document last selling date & time;Last date & time for Tender/Proposal Security Submission;Opening Date & Time;Start Date(Lot No : 1),5,no,yes,Tender Security Submission Last date needs to be changed.
1251658,Tender Notice_PDFs/GDA_Tender_1251658.pdf,2,1,1,,0,no,yes,corrigendum -1
1251756,Tender Notice_PDFs/GDA_Tender_1251756.pdf,2,2,2,Closing Date & Time;Document last selling date & time;Last date & time for Tender/Proposal Security Submission;Opening Date & Time,4,no,yes,for change in boq
1253316,Tender Notice_PDFs/GDA_Tender_1253316.pdf,2,1,1,Closing Date & Time;Document last selling date & time;Last date & time for Tender/Proposal Security Submission;Opening Date & Time,4,no,yes,for more competition.
1253428,Tender Notice_PDFs/GDA_Tender_1253428.pdf,2,1,1,Document last selling date & time;Opening Date & Time,2,no,yes,for more competition.
1257398,Tender Notice_PDFs/GDA_Tender_1257398.pdf,2,1,"1 the newspaper advertisement was delayed, leaving an insufficient amount of time between the publication date and the tender opening.",Closing Date & Time;Opening Date & Time,2,no,yes,This timing failed to meet the mandatory duration required by PPR 2025.
1257431,Tender Notice_PDFs/GDA_Tender_1257431.pdf,2,2,2,Closing Date & Time;Opening Date & Time,2,no,yes,to extend tender validity period.
1020481,Tender Notice_PDFs/KDA_Tender_1020481.pdf,2,1,1,Closing Date & Time;Document last selling date & time;Eligibility of Consultant;Last date & time for Tender/Proposal Security Submission;Opening Date & Time,5,yes,yes,"Due to uploading necessary drawings, the tender dropping time extended by 7 days"
1072723,Tender Notice_PDFs/KDA_Tender_1072723.pdf,2,1,1,,0,no,yes,Corrigendum
1229751,Tender Notice_PDFs/KDA_Tender_1229751.pdf,2,2,2,Eligibility of Consultant,1,yes,yes,Corrigendum
1265434,Tender Notice_PDFs/KDA_Tender_1265434.pdf,2,1,1,"Brief Description of Goods,Works or Service;Closing Date & Time;Document last selling date & time;Eligibility of Consultant;Last date & time for Tender/Proposal Security Submission;Opening Date & Time",6,yes,yes,Prepare Amendment /Corrigendum
262818,Tender Notice_PDFs/KDA_Tender_262818.pdf,2,1,1,Closing Date & Time;Document last selling date & time;Last date & time for Tender/Proposal Security Submission;Opening Date & Time,4,no,yes,Form Correction
459665,Tender Notice_PDFs/KDA_Tender_459665.pdf,2,1,1,Eligibility of Consultant;TDS/PDS--C. Qualification Criteria--,2,yes,yes,Amendment
728690,Tender Notice_PDFs/KDA_Tender_728690.pdf,2,1,1,TDS/PDS--C. Qualification Criteria--,1,yes,yes,Corrigendum
728691,Tender Notice_PDFs/KDA_Tender_728691.pdf,2,1,1,TDS/PDS--C. Qualification Criteria--,1,yes,yes,Corrigendum
728692,Tender Notice_PDFs/KDA_Tender_728692.pdf,2,1,1,TDS/PDS--C. Qualification Criteria--,1,yes,yes,Corrigendum
868640,Tender Notice_PDFs/KDA_Tender_868640.pdf,2,4,4,Closing Date & Time;Document last selling date & time;Last date & time for Tender/Proposal Security Submission;Opening Date & Time;TDS/PDS--C. Qualification Criteria--,5,yes,yes,Due to corrigendum
941420,Tender Notice_PDFs/KDA_Tender_941420.pdf,2,1,1,Closing Date & Time;Document last selling date & time;Eligibility of Consultant;Last date & time for Tender/Proposal Security Submission;Opening Date & Time,5,yes,yes,Corrigendum
1000530,Tender Notice_PDFs/RAJUK_Tender_1000530.pdf,1,1,1,Eligibility of Consultant,1,yes,yes,"Some changes are made in the TDS section. Field Name Old Value Eligibility of As per ITT and TDS. Consultant TDS/PDS--C. Tenderer shall own or have proven access to hire or lease of the major construction equipments, in full working order as follows : T Qualification Minimum Number Criteria-- No Equipment Type and Characteristics Required No 1 Vibrators of varying dia, both diesel and electric operated 5 (five) nos 1 Vibrators of varyin 2 Diesel Generator (50 KVA) 2 (two) nos. 2 Diesel Generator 3 Power Rammer 2 (two) nos. 3 Power Rammer 4 Welding Machine 2 (two) nos. 4 Welding Machine 5 Water pump for dewatering and curing and other purposed with minimum lifting head of 40m, minimum capacity 50 cum/hr 2 (two) nos. 5 Water pump for de 6 Gandula, hoist or crane, Compatible Lift crane or equivalent system for each bldg. 2(two) sets 6 Gandula, hoist or Minimum Number No Equipment Type and Characteristics Required No 7 2 H.P. Diesel pump 2 (two) nos. 7 2 H.P. Diesel pum 8 Truck – 5 (five) ton capacity 2 (two) nos. 8 Truck – 5 (five) ton 9 Theodolite/Total Station 2 (two) sets 9 Theodolite/Total S 10 Levelling Instrument 2 (two) sets 10 Levelling Instrume 11 18 BWG Steel Shuttering and adjustable G.I. or Steel Props to cover minimum 20,000 sft. at a time. 11 18 BWG Steel Sh 12 Compatible Tower Crane as required 12 Compatible Tower 13 Hydraulic Static P Brief Construction of Swimming pool complex/Health Club including internal sanitary, water supply, internal electrification and other ancillary works at Uttara Apartment Project. Construction of Swim Description of Goods,Works or Service"
1000945,Tender Notice_PDFs/RAJUK_Tender_1000945.pdf,2,1,1,Closing Date & Time;Document last selling date & time;Last date & time for Tender/Proposal Security Submission;Opening Date & Time,4,no,yes,Amendment/ Corrigendum-01
1008472,Tender Notice_PDFs/RAJUK_Tender_1008472.pdf,2,1,1 Correction of ITT Clause 21.2,,0,no,no,"The Tender Security shall be Tk. 1,45,000/- (One lac Forty Five thousand) Form of Bank draft / Pay Order / Bank Guarantee from any Schedule Bank of Bangladesh in favor of Chairman, Rajuk."
1013104,Tender Notice_PDFs/RAJUK_Tender_1013104.pdf,2,1,1,,0,no,yes,Corrigendum for Correction in BOQ
1023052,Tender Notice_PDFs/RAJUK_Tender_1023052.pdf,2,2,2,Closing Date & Time;Document last selling date & time;Last date & time for Tender/Proposal Security Submission;Opening Date & Time,4,no,yes,Due to clarification from tenderer 2nd corrigendum is made in this tender.
1031801,Tender Notice_PDFs/RAJUK_Tender_1031801.pdf,2,1,1,Closing Date & Time;Document last selling date & time;Last date & time for Tender/Proposal Security Submission;Opening Date & Time,4,no,yes,Due to Correction of BOQ.
1082495,Tender Notice_PDFs/RAJUK_Tender_1082495.pdf,2,1,"1 1) Due to browser catche memory a mistake occured, actual site location will be Sector-04, Uttara Residential Area. 2) Correction of Specific experience: 9.1(b) The minimum specific experience in different type of construction work (R.C.C,Brickwork,Painting) of at least 1(One) contract",,0,no,yes,successfully completed within the last 5(Five) years with a value of al least Tk. 0.25 (Zero point two Five) crore through a single contract in any Government / Semi-Government / Autonomous organization of Bangladesh. (Year counting backward from the date of Publication of IFT)
1097226,Tender Notice_PDFs/RAJUK_Tender_1097226.pdf,2,1,1,Closing Date & Time;Document last selling date & time;Last date & time for Tender/Proposal Security Submission;Opening Date & Time,4,no,yes,"Due to the national election, the tender submission date has been rescheduled."
1135936,Tender Notice_PDFs/RAJUK_Tender_1135936.pdf,2,1,1,Closing Date & Time;Completion Date(Lot No : 01);Document last selling date & time;Last date & time for Tender/Proposal Security Submission;Opening Date & Time,5,no,yes,Correction of BOQ Item NO-2
1170765,Tender Notice_PDFs/RAJUK_Tender_1170765.pdf,2,1,1 Correction of ITT Clause 34.1,,0,no,yes,Actual Tender Security will be Tk. 2300000/- (Twenty Three) Lac.
1170766,Tender Notice_PDFs/RAJUK_Tender_1170766.pdf,2,1,1 Correction of ITT Clause 34.1,,0,no,yes,Actual Tender Security will be Tk. 2350000/- (Twenty Three Lac Fifty Thousand) Lac.
1173557,Tender Notice_PDFs/RAJUK_Tender_1173557.pdf,2,1,1,,0,no,yes,Manpower Designation
1186178,Tender Notice_PDFs/RAJUK_Tender_1186178.pdf,2,1,"1 Correction of ITT Clause 23.1 (j). Tenderer shall submit with its Tender, the following additional documents:- i) Valid and Updated Trade License; (2025-2026) ii) VAT/BIN registration Certificate; iii) Income Tax Clearance Certificate;(2023-2024)",,0,no,yes,iv) Enlistment Electrical Contractor of RAJUK or Other Govt./Semi Govt./Autonomous Organization/ Reputed Bonafied Firm; v) Electrical ABC Supervisory & Contrctory License (Up-to-date). vi) Manufacturer Authorization Letter Mandatory for BOQ item no-3 & 4. vii) 2 (Two) years guarantee for all major components from Manufacturer. viii) Quality assurance certificate from international agency/Manufacturer. iX) 50% retention money will be realised completion of work after 1 (one) years and others 50% retention money will be realised completion of work after 2 (Two) years.
1186179,Tender Notice_PDFs/RAJUK_Tender_1186179.pdf,2,1,"1 Correction of ITT Clause 23.1 (j). Tenderer shall submit with its Tender, the following additional documents:- i) Valid and Updated Trade License; (2025-2026) ii) VAT/BIN registration Certificate; iii) Income Tax Clearance Certificate;(2023-2024)",,0,no,yes,iv) Enlistment Electrical Contractor of RAJUK or Other Govt./Semi Govt./Autonomous Organization/ Reputed Bonafied Firm; v) Electrical ABC Supervisory & Contrctory License (Up-to-date). vi) Manufacturer Authorization Letter Mandatory for BOQ item no-3 & 4. vii) 2 (Two) years guarantee for all major components from Manufacturer. viii) Quality assurance certificate from international agency/Manufacturer. iX) 50% retention money will be realised completion of work after 1 (one) years and others 50% retention money will be realised completion of work after 2 (Two) years.
1205154,Tender Notice_PDFs/RAJUK_Tender_1205154.pdf,2,1,1,Closing Date & Time;Document last selling date & time;Last date & time for Tender/Proposal Security Submission;Opening Date & Time,4,no,yes,Due to Correction Grand summary & Provisional Sum Form.
1206004,Tender Notice_PDFs/RAJUK_Tender_1206004.pdf,2,1,"1 Correction of Experience Criteria 13.1 (a), 13.1 (b) (a) Reputed Bonafide Firm / Organization/ Manufacturer/ Authorized Agent having minimum 05 ( Five) years experience of Operation & Maintenance of (Delfar Brand) Lift. ( years counting backward from the date of Publication of IFT in the",,0,no,yes,"Newspaper). (b) The Tenderer shall have successfully Completed of (Delfar Brand) Lift Operation, Servicing and Maintenance Works of minimum amount Tk. 2.50 (Two lac fifty thousand) Lac single Contract within last 05 ( Five) years Under in Govt./ Semi Govt./ Autonomous body. i.e Counting backward from the date of publication of IFT in the News Paper/ Website."
1207633,Tender Notice_PDFs/RAJUK_Tender_1207633.pdf,2,1,1 Due to National Perlament Election-2026. The Intended Tenderers request us to extend the tender submission time. &,Closing Date & Time;Document last selling date & time;Last date & time for Tender/Proposal Security Submission;Opening Date & Time,4,no,yes,"Correction of ITT Clause 30.1 in Tender Data Sheet. The amount of the Tender Security shall be 12.50 (Twelve lac Fifty Thousand) only in favour of Chairman, RAJUK."
1207634,Tender Notice_PDFs/RAJUK_Tender_1207634.pdf,2,1,1 Due to National Perlament Election-2026. The Intended Tenderers request us to extend the tender submission time. &,Closing Date & Time;Document last selling date & time;Last date & time for Tender/Proposal Security Submission;Opening Date & Time,4,no,yes,"Correction of ITT Clause 30.1 in Tender Data Sheet. The amount of the Tender Security shall be 12.00 (Twelve lac) only in favour of Chairman, RAJUK."
1207635,Tender Notice_PDFs/RAJUK_Tender_1207635.pdf,2,2,2,Closing Date & Time;Document last selling date & time;Last date & time for Tender/Proposal Security Submission;Opening Date & Time,4,no,yes,Correction of Grand summary
1207636,Tender Notice_PDFs/RAJUK_Tender_1207636.pdf,2,1,1 Due to National Perlament Election-2026. The Intended Tenderers request us to extend the tender submission time. &,Closing Date & Time;Document last selling date & time;Last date & time for Tender/Proposal Security Submission;Opening Date & Time,4,no,yes,"Correction of ITT Clause 30.1 in Tender Data Sheet. The amount of the Tender Security shall be 12.00 (Twelve lac) only in favour of Chairman, RAJUK."
1207637,Tender Notice_PDFs/RAJUK_Tender_1207637.pdf,2,1,1,Closing Date & Time;Document last selling date & time;Last date & time for Tender/Proposal Security Submission;Opening Date & Time,4,no,yes,Due to National Perlament Election-2026. The Intended Tenderers request us to extend the tender submission time.
1225896,Tender Notice_PDFs/RAJUK_Tender_1225896.pdf,2,1,1,Closing Date & Time;Document last selling date & time;Last date & time for Tender/Proposal Security Submission;Opening Date & Time,4,no,yes,Correction of BOQ.
1234622,Tender Notice_PDFs/RAJUK_Tender_1234622.pdf,2,1,1 Correction of 20.1 (k) any other document as specified in the TDS.,,0,no,yes,"Not Required 4) Up to date ""ABC"" category contractor & Supervisory license from electricity licensing Board of Bangladesh."
125042,Tender Notice_PDFs/RAJUK_Tender_125042.pdf,2,1,1 For Smooth functioning of the Tendering process the following changes has done on “Terms and Conditions of Lift & Escalator” in Sl.,,0,no,no,No-6 6. Each bidder must be the sole agent of the proposed lift of the contract and he/she must submit its all supporting documents.
125126,Tender Notice_PDFs/RAJUK_Tender_125126.pdf,2,1,1 For Smooth functioning of the Tendering process the following changes has done on “Terms and Conditions of Lift & Escalator” in Sl.,,0,no,no,No-6 6. Each bidder must be the sole agent of the proposed lift of the contract and he/she must submit its all supporting documents.
125292,Tender Notice_PDFs/RAJUK_Tender_125292.pdf,2,1,1 For Smooth functioning of the Tendering process the following changes has done on “Terms and Conditions of Lift & Escalator” in Sl.,,0,no,no,No-6 6. Each bidder must be the sole agent of the proposed lift of the contract and he/she must submit its all supporting documents.
125293,Tender Notice_PDFs/RAJUK_Tender_125293.pdf,2,1,1 For Smooth functioning of the Tendering process the following changes has done on “Terms and Conditions of Lift & Escalator” in Sl.,,0,no,no,No-6 6. Each bidder must be the sole agent of the proposed lift of the contract and he/she must submit its all supporting documents.
125294,Tender Notice_PDFs/RAJUK_Tender_125294.pdf,2,1,1 For Smooth functioning of the Tendering process the following changes has done on “Terms and Conditions of Lift & Escalator” in Sl.,,0,no,no,No-6 6. Each bidder must be the sole agent of the proposed lift of the contract and he/she must submit its all supporting documents.
125295,Tender Notice_PDFs/RAJUK_Tender_125295.pdf,2,1,1 For Smooth functioning of the Tendering process the following changes has done on “Terms and Conditions of Lift & Escalator” in Sl.,,0,no,no,No-6 6. Each bidder must be the sole agent of the proposed lift of the contract and he/she must submit its all supporting documents.
125297,Tender Notice_PDFs/RAJUK_Tender_125297.pdf,2,1,1 For Smooth functioning of the Tendering process the following changes has done on “Terms and Conditions of Lift & Escalator” in Sl.,,0,no,no,No-6 6. Each bidder must be the sole agent of the proposed lift of the contract and he/she must submit its all supporting documents.
125298,Tender Notice_PDFs/RAJUK_Tender_125298.pdf,2,1,1 For Smooth functioning of the Tendering process the following changes has done on “Terms and Conditions of Lift & Escalator” in Sl.,,0,no,no,No-6 6. Each bidder must be the sole agent of the proposed lift of the contract and he/she must submit its all supporting documents.
125300,Tender Notice_PDFs/RAJUK_Tender_125300.pdf,2,1,1 For Smooth functioning of the Tendering process the following changes has done on “Terms and Conditions of Lift & Escalator” in Sl.,,0,no,yes,No-6 6. Each bidder must be the sole agent of the proposed lift of the contract and he/she must submit its all supporting documents.
125301,Tender Notice_PDFs/RAJUK_Tender_125301.pdf,2,1,1 For Smooth functioning of the Tendering process the following changes has done on “Terms and Conditions of Lift & Escalator” in Sl.,,0,no,yes,No-6 6. Each bidder must be the sole agent of the proposed lift of the contract and he/she must submit its all supporting documents.
1262416,Tender Notice_PDFs/RAJUK_Tender_1262416.pdf,2,2,2 Correction of ITT 20.1 (k),,0,no,yes,see attached file Amendment / Corrigendum/ Addendum No. : 2 File Size S. No. File Name File Description (in KB) 1 see attached file.pdf see attached file 29646
1265185,Tender Notice_PDFs/RAJUK_Tender_1265185.pdf,2,1,1 Correction of ITT Clause 13.1 (b) specific experience: The Tenderer shall have successfully completed 1 (One) No. Sub-Station and 1 (One) No. Generator Supply works of amounts,,0,no,yes,at least Tk 85.40 (Eighty Five point Four Zero) Lac under in a single contract / in a Two Contract(s) over a period of 05 (Five) years under Govt./Semi Govt./Autonomous Organization. Years counting backward from the date of publication of IFT in the newspaper/Website.
164878,Tender Notice_PDFs/RAJUK_Tender_164878.pdf,2,2,2,Closing Date & Time;Document last selling date & time;Last date & time for Tender/Proposal Security Submission;Opening Date & Time,4,no,yes,2nd corrigendum notice has been given for better competition.
174037,Tender Notice_PDFs/RAJUK_Tender_174037.pdf,2,1,1 The Corrigendum is issued as to add additional features in the technical specification as such PE will enjoy additional services which is,TDS/PDS--C. Qualification Criteria--,1,yes,yes,"essential requirements for this procurement. One of the main features is to add ""Canopy"" for the Pick -up. Some safety measures need to be added in the specifications that will ensure utmost safety for the users."
174670,Tender Notice_PDFs/RAJUK_Tender_174670.pdf,2,1,1 Due to unavoidable circumstances the Tender has been rescheduled.,Closing Date & Time;Document last selling date & time;Last date & time for Tender/Proposal Security Submission;Opening Date & Time,4,no,yes,Field Name Old Value New Value
174671,Tender Notice_PDFs/RAJUK_Tender_174671.pdf,2,1,1 Due to unavoidable circumstances the Tender has been rescheduled.,Closing Date & Time;Document last selling date & time;Last date & time for Tender/Proposal Security Submission;Opening Date & Time,4,no,yes,Field Name Old Value New Value
174673,Tender Notice_PDFs/RAJUK_Tender_174673.pdf,2,1,1 Due to unavoidable circumstances the Tender has been rescheduled.,Closing Date & Time;Document last selling date & time;Last date & time for Tender/Proposal Security Submission;Opening Date & Time,4,no,yes,Field Name Old Value New Value
174674,Tender Notice_PDFs/RAJUK_Tender_174674.pdf,2,1,1 Due to unavoidable circumstances the Tender has been rescheduled.,Closing Date & Time;Document last selling date & time;Last date & time for Tender/Proposal Security Submission;Opening Date & Time,4,no,yes,Field Name Old Value New Value
174678,Tender Notice_PDFs/RAJUK_Tender_174678.pdf,2,1,1 Due to unavoidable circumstances the Tender has been rescheduled.,Closing Date & Time;Document last selling date & time;Last date & time for Tender/Proposal Security Submission;Opening Date & Time,4,no,yes,Field Name Old Value New Value
174680,Tender Notice_PDFs/RAJUK_Tender_174680.pdf,2,1,1 Due to unavoidable circumstances the Tender has been rescheduled.,Closing Date & Time;Document last selling date & time;Last date & time for Tender/Proposal Security Submission;Opening Date & Time,4,no,yes,Field Name Old Value New Value
174683,Tender Notice_PDFs/RAJUK_Tender_174683.pdf,2,1,1 Due to unavoidable circumstances the Tender has been rescheduled.,Closing Date & Time;Document last selling date & time;Last date & time for Tender/Proposal Security Submission;Opening Date & Time,4,no,yes,Field Name Old Value New Value
174685,Tender Notice_PDFs/RAJUK_Tender_174685.pdf,2,1,1 Due to unavoidable circumstances the Tender has been rescheduled.,Closing Date & Time;Document last selling date & time;Last date & time for Tender/Proposal Security Submission;Opening Date & Time,4,no,yes,Field Name Old Value New Value
174686,Tender Notice_PDFs/RAJUK_Tender_174686.pdf,2,1,1 Due to unavoidable circumstances the Tender has been rescheduled.,Closing Date & Time;Document last selling date & time;Last date & time for Tender/Proposal Security Submission;Opening Date & Time,4,no,yes,Field Name Old Value New Value
178196,Tender Notice_PDFs/RAJUK_Tender_178196.pdf,2,1,1,PCC--.--;TDS/PDS--D. Tender Preparation--,2,no,yes,Amendmend is done in order to find the product as per purchaser need
198193,Tender Notice_PDFs/RAJUK_Tender_198193.pdf,2,1,1 Due to unavoidable circumstances the Tender has been rescheduled.,Closing Date & Time;Document last selling date & time;Last date & time for Tender/Proposal Security Submission;Opening Date & Time,4,no,yes,Field Name Old Value New Value
198200,Tender Notice_PDFs/RAJUK_Tender_198200.pdf,2,1,1 Due to unavoidable circumstances the Tender has been rescheduled.,Closing Date & Time;Document last selling date & time;Last date & time for Tender/Proposal Security Submission;Opening Date & Time,4,no,yes,Field Name Old Value New Value
198298,Tender Notice_PDFs/RAJUK_Tender_198298.pdf,2,1,1 Due to unavoidable circumstances the Tender has been rescheduled.,Closing Date & Time;Document last selling date & time;Last date & time for Tender/Proposal Security Submission;Opening Date & Time,4,no,yes,Field Name Old Value New Value
199942,Tender Notice_PDFs/RAJUK_Tender_199942.pdf,2,2,2 # Specifications are made more focused according the actual need of the procuring entity,Document last selling date & time;PCC--.--;TDS/PDS--C. Qualification Criteria--;TDS/PDS--D. Tender Preparation--,4,yes,yes,# Adjustment is brought in the qualification criteria to ensure presence of appropriate tenderer
202993,Tender Notice_PDFs/RAJUK_Tender_202993.pdf,1,2,2,Closing Date & Time;Document last selling date & time;Last date & time for Tender/Proposal Security Submission;Opening Date & Time,4,no,yes,Change BOQ Item
209496,Tender Notice_PDFs/RAJUK_Tender_209496.pdf,1,1,1 Due to Changes of Qualification Criteria (General Experience) & document selling & closing date and time has been modified As mentioned in original tender To be replaced as,Closing Date & Time;Document last selling date & time;Last date & time for Tender/Proposal Security Submission;Opening Date & Time,4,no,yes,(a) Minimum 10 (Ten) years experience in civil construction work. (But it should (a) Minimum 5 (Five) years experience in civil construction work. (But it should be minimum 05 (five) years for non-lead partner of JVCA). be minimum 03 (Three) years for non-lead partner of JVCA).
209498,Tender Notice_PDFs/RAJUK_Tender_209498.pdf,1,1,1,Closing Date & Time;Document last selling date & time;Last date & time for Tender/Proposal Security Submission;Opening Date & Time,4,no,yes,Due to unavoidable circumstances the tender document selling date and time has been modified.
209736,Tender Notice_PDFs/RAJUK_Tender_209736.pdf,2,1,1,Closing Date & Time;Document last selling date & time;Last date & time for Tender/Proposal Security Submission;Opening Date & Time,4,no,yes,Due to unavoidable circumstances the tender document selling date and time has been modified.
209938,Tender Notice_PDFs/RAJUK_Tender_209938.pdf,1,1,1 Amendment / Due to Changes of Qualification Criteria (General Experience) & document selling & closing date and time has been modified Corrigendum As mentioned in original tender To be replaced as Text : (a) Minimum 10 (Ten) years experience in civil construction work. (But it (a) Minimum 5 (Five) years experience in civil construction work. (But it should should be minimum 05 (five) years for non-lead partner of JVCA). be minimum 03 (Three) years for non-lead partner of JVCA).,Closing Date & Time;Document last selling date & time;Last date & time for Tender/Proposal Security Submission;Opening Date & Time,4,no,yes,
209939,Tender Notice_PDFs/RAJUK_Tender_209939.pdf,1,1,1 Amendment / Due to Changes of Qualification Criteria (General Experience) & document selling & closing date and time has been modified Corrigendum Text : As mentioned in original tender To be replaced as (a) The minimum number of years of general experience of the Tenderer in (a) The minimum number of years of general experience of the Tenderer in the construction works as Prime Contractor or Subcontractor or Management the construction works as Prime Contractor or Subcontractor or Management Contractor shall be 10 (Ten) years in Civil Construction works. Contractor shall be 5 (Five) years in Civil Construction works.,Closing Date & Time;Document last selling date & time;Last date & time for Tender/Proposal Security Submission;Opening Date & Time,4,no,yes,
237820,Tender Notice_PDFs/RAJUK_Tender_237820.pdf,1,1,"1 Correction for quantity of Item No. 9a (Installation of Imported Part, a) Installation of ODU) of Price and Delivery Schedule of Goods",,0,no,yes,(Form e-PG3-3A)
287337,Tender Notice_PDFs/RAJUK_Tender_287337.pdf,2,1,1,Closing Date & Time;Document last selling date & time;Last date & time for Tender/Proposal Security Submission;Opening Date & Time,4,no,yes,For unavoidable circumstances the following changes have been made in the IFT.
427820,Tender Notice_PDFs/RAJUK_Tender_427820.pdf,1,1,1 WHO declared the Corona Virus COVID 19 is a Pandemic.,,0,no,no,"The Government of Bangladesh has taken decision for general holidays from March 26 to April 4' 2020. For this unavoidable circustances, the tender is forwarded for cancellation."
437635,Tender Notice_PDFs/RAJUK_Tender_437635.pdf,2,2,"2 Date & Time of On-line Tender Closing, Opening, Selling/Downloading e-Tender Document, Tender Security Submission",Closing Date & Time;Completion Date(Lot No : 1);Document last selling date & time;Last date & time for Tender/Proposal Security Submission;Opening Date & Time;Start Date(Lot No : 1),6,no,yes,Deadline have been changed.
446869,Tender Notice_PDFs/RAJUK_Tender_446869.pdf,2,2,"2 As the Government has extended office closure up to 5 May/2020. Tender Opening, Selling, Closing and Performance security",Closing Date & Time;Document last selling date & time;Last date & time for Tender/Proposal Security Submission;Opening Date & Time,4,no,yes,submission date is proposed to extend.
447380,Tender Notice_PDFs/RAJUK_Tender_447380.pdf,2,2,"2 As the Government has extended office closure up to 5 May/2020. Tender Opening, Selling, Closing and Performance security",Closing Date & Time;Document last selling date & time;Last date & time for Tender/Proposal Security Submission;Opening Date & Time,4,no,yes,submission date is proposed to extend for the second time.
466081,Tender Notice_PDFs/RAJUK_Tender_466081.pdf,1,1,"1 Due to unavoidable circumstances, Following changes are proposed as corrigendum in tender notice: Tender Opening, Submission,",,0,no,no,"Closing, Document selling etc."
466089,Tender Notice_PDFs/RAJUK_Tender_466089.pdf,1,1,"1 Due to unavoidable circumstances, Following changes are proposed as corrigendum in tender notice: Tender Opening, Submission,",Closing Date & Time;Completion Date(Lot No : 1);Document last selling date & time;Last date & time for Tender/Proposal Security Submission;Opening Date & Time;Start Date(Lot No : 1),6,no,yes,"Closing, Document selling etc."
466094,Tender Notice_PDFs/RAJUK_Tender_466094.pdf,1,1,"1 Due to unavoidable circumstances, Following changes are proposed as corrigendum in tender notice: Tender Opening, Submission,",,0,no,no,"Closing, Document selling etc."
466105,Tender Notice_PDFs/RAJUK_Tender_466105.pdf,1,1,1,Closing Date & Time;Completion Date(Lot No : 1);Document last selling date & time;Last date & time for Tender/Proposal Security Submission;Opening Date & Time;Start Date(Lot No : 1),6,no,yes,"Due to unavoidable circumstances, Following changes are proposed as corrigendum in tender notice: Tender Opening, Submission, Closing, Document selling etc."
466107,Tender Notice_PDFs/RAJUK_Tender_466107.pdf,1,1,"1 Due to unavoidable circumstances, Following changes are proposed as corrigendum in tender notice: Tender Opening, Submission,",Closing Date & Time;Completion Date(Lot No : 1);Document last selling date & time;Last date & time for Tender/Proposal Security Submission;Opening Date & Time;Start Date(Lot No : 1),6,no,yes,"Closing, Document selling etc."
466108,Tender Notice_PDFs/RAJUK_Tender_466108.pdf,1,1,"1 Due to unavoidable circumstances, Following changes are proposed as corrigendum in tender notice: Tender Opening, Submission,",,0,no,no,"Closing, Document selling etc."
466109,Tender Notice_PDFs/RAJUK_Tender_466109.pdf,1,1,"1 Due to unavoidable circumstances, Following changes are proposed as corrigendum in tender notice: Tender Opening, Submission,",,0,no,no,"Closing, Document selling etc."
502059,Tender Notice_PDFs/RAJUK_Tender_502059.pdf,2,1,1 Eligibility of Tenderer of IFT Sl No. (b) & ITT Clause 9.1 of TDS- The Tenderer shall have successfully completed SRH (China) AND OR Masiba (Malaysia) Brand Lift Servicing and Maintenance Works in 3(Three) Contracts with a Contract value of total Tk.14 (Fourteen) Lac OR 2(Two) Contracts having same brands Lift Servicing and Maintenance Works with a Contract value of total Tk.11 (Eleven) Lac OR Single Contract having,Eligibility of Consultant,1,yes,yes,same brands Lift Servicing and Maintenance Works with a Contract value of Tk.9 (Nine) Lac within last 05 ( Five) years under in Govt./ Semi Govt./ Autonomous body. The certifying authority shall be an officer not below the rank of Executive Engineer of that organization. ITT Clause 14 of TDS-j) Required Documents regarding list of personnel/staff and machineries related to this work. k) Required Documents regarding Spare parts supply assurance of SRH (China) AND Masiba (Malaysia) Brand Lift from manufacturer to maintain quality standard.
502977,Tender Notice_PDFs/RAJUK_Tender_502977.pdf,2,1,1 Eligibility of Tenderer of IFT Sl No. (b) & ITT Clause 9.1 of TDS -The Tenderer shall have successfully completed XIZI Unite (China) Brand Lift Servicing and Maintenance Works in 3(Three) Contracts with a value of total Tk.31 (Thirty one) Lac OR 2(Two) Contracts having same brand Lift Servicing and Maintenance Works with a value of total Tk.24 (Twenty four) Lac OR Single Contract having same brand Lift Servicing,Eligibility of Consultant,1,yes,yes,and Maintenance Works with a value of Tk. Tk.20 (Twenty) Lac within last 05(Five) years under in Govt./Semi Govt./Autonomous body. The certifying authority shall be an officer not below the rank of Executive Engineer of that organization. ITT Clause 14 of TDS-j) Required Documents regarding list of personnel/staff and machineries related to this work. k) Required Documents regarding Spare parts supply assurance of XIZI Unite (China) Brand Lift from manufacturer to maintain quality standard.
502982,Tender Notice_PDFs/RAJUK_Tender_502982.pdf,2,1,1 Eligibility of Tenderer of IFT Sl No. (b) & ITT Clause 9.1 of TDS -The Tenderer shall have successfully completed Schindler (China) Brand Lift Servicing and Maintenance Works in 3(Three) Contracts with a value of total Tk.23 (Twenty three)Lac OR 2(Two) Contracts having same brand Lift Servicing and Maintenance Works with a value of total Tk.18 (Eighteen) Lac OR Single Contract having same brand Lift Servicing and Maintenance Works with a value of Tk.15 (Fifteen) Lac within last 05 (Five) years under in Govt./ Semi Govt./ Autonomous body. The,Eligibility of Consultant,1,yes,yes,certifying authority shall be an officer not below the rank of Executive Engineer of that organization. ITT Clause 14 of TDS-j) Required Documents regarding list of personnel/staff and machineries related to this work. k) Required Documents regarding Spare parts supply assurance of Schindler (China) Brand Lift from manufacturer to maintain quality standard.
502984,Tender Notice_PDFs/RAJUK_Tender_502984.pdf,2,1,1 Eligibility of Tenderer of IFT Sl No. (b) & ITT Clause 9.1 of TDS -The Tenderer shall have successfully completed Fuji HD (China) Brand Lift Servicing and Maintenance Works in 3(Three) Contracts with a Contract value of total Tk. 35 (Thirty five) Lac OR 2(Two) Contracts having same brand Lift Servicing and Maintenance Works with a Contract value of total Tk.28 (Twenty eight) Lac OR Single Contract having same brand Lift Servicing and Maintenance Works with a Contract value of Tk.23 (Twenty three) Lac within last 05 (Five) years under in Govt./ Semi,Eligibility of Consultant,1,yes,yes,Govt./ Autonomous body. The certifying authority shall be an officer not below the rank of Executive Engineer of that organization. ITT Clause 14 of TDS-j) Required Documents regarding list of personnel/staff and machineries related to this work. k) Required Documents regarding Spare parts supply assurance of Fuji HD (China) Brand Lift from manufacturer to maintain quality standard.
505037,Tender Notice_PDFs/RAJUK_Tender_505037.pdf,2,1,1,,0,no,yes,Correction of BOQ.
514341,Tender Notice_PDFs/RAJUK_Tender_514341.pdf,1,2,2 Correction of TDS ITT Clause 9.1.,,0,no,yes,(b) The minimum specific experience in Cleaning works of at least 1(One) contract successfully completed within the last 5(Five) years with value of at least TK. 40 (Forty) Lac.
514342,Tender Notice_PDFs/RAJUK_Tender_514342.pdf,1,2,2 Correction of TDS ITT Clause 9.1.,,0,no,yes,(b) The minimum specific experience in Cleaning works of at least 1(One) contract successfully completed within the last 5(Five) years with value of at least TK. 75 (Seventy Five) Lac.
514343,Tender Notice_PDFs/RAJUK_Tender_514343.pdf,2,2,2 Correction of TDS ITT Clause 9.1.,,0,no,yes,(b) The minimum specific experience in Cleaning works of at least 1(One) contract successfully completed within the last 5(Five) years with value of at least TK. 33 (Thirty Three) Lac.
583663,Tender Notice_PDFs/RAJUK_Tender_583663.pdf,2,1,1,,0,no,yes,Reload of Fig. 4.17 and Terms and Conditions of Generator
583666,Tender Notice_PDFs/RAJUK_Tender_583666.pdf,2,1,1,,0,no,yes,Re-upload of Detailed Specification of Lift (Annexure A) and Terms and conditions of Lift
639202,Tender Notice_PDFs/RAJUK_Tender_639202.pdf,2,2,2,Closing Date & Time;Document last selling date & time;Last date & time for Tender/Proposal Security Submission;Opening Date & Time,4,no,yes,Submission: 22-Mar-2022 14:30
641674,Tender Notice_PDFs/RAJUK_Tender_641674.pdf,2,2,2,Closing Date & Time;Document last selling date & time;Last date & time for Tender/Proposal Security Submission;Opening Date & Time,4,no,yes,Submission: 22-Mar-2022 14:30
661661,Tender Notice_PDFs/RAJUK_Tender_661661.pdf,2,2,2,Closing Date & Time;Document last selling date & time;Last date & time for Tender/Proposal Security Submission;Opening Date & Time,4,no,yes,Submission: 22-Mar-2022 14:30
661888,Tender Notice_PDFs/RAJUK_Tender_661888.pdf,2,2,2,Closing Date & Time;Document last selling date & time;Last date & time for Tender/Proposal Security Submission;Opening Date & Time,4,no,yes,Submission: 22-Mar-2022 14:30
702345,Tender Notice_PDFs/RAJUK_Tender_702345.pdf,2,1,"1 Re-uploading of Detailed Specification of Lift (Annexure A), Terms and conditions of Lift and Letter of Commitment for Bank",,0,no,yes,Undertaking for Line of Credit
72166,Tender Notice_PDFs/RAJUK_Tender_72166.pdf,2,1,1,Closing Date & Time;Document last selling date & time;Last date & time for Tender/Proposal Security Submission;Opening Date & Time,4,no,yes,Correction of BOQ item no.9
829141,Tender Notice_PDFs/RAJUK_Tender_829141.pdf,2,1,"1 The Description of the Item no, 14 and 19 (a) in Price and Delivery Schedule for Goods (Form e-PG3-3A) has been",Closing Date & Time;Document last selling date & time;Last date & time for Tender/Proposal Security Submission;Opening Date & Time,4,no,yes,"changed as the attached document named ""Amendment 1"""
870260,Tender Notice_PDFs/RAJUK_Tender_870260.pdf,2,1,"1 This Tender Required The minimum amount of liquid assets or working capital or credit facilities of the Tenderer shall be Tk.70,00,000/- (Seventy Lac ) only. But Inadvertently this Tender id 870260 The minimum amount of liquid assets or working capital or credit facilities of the Tenderer wsa written Tk.70,000/- (Seventy Thousand) only.",,0,no,yes,Field Name Old Value New Value Eligibility of Consultant As Per TDS. As Per TDS.
882632,Tender Notice_PDFs/RAJUK_Tender_882632.pdf,2,1,1 Qualification Criteria-Updated Required- (a) The minimum number of years of general experience of the Tenderer shall be 05(five) years.,,0,no,yes,(b) The satisfactory completion of various printing items work minimum Tk. 15.00 (Fifteen) Lac under 1(One) contracts in the last 5 (Five) of years Under in Govt./ Semi Govt./ Autonomous body. i.e. years counting backward from the date of publication of IFT in the e- GP System.
889938,Tender Notice_PDFs/RAJUK_Tender_889938.pdf,2,1,1,,0,no,yes,Inadvertence second part of BOQ is not uploaded now full BOQ is uploaded.
89106,Tender Notice_PDFs/RAJUK_Tender_89106.pdf,2,2,2 Due to Technicl Falt at the tender submission on bidder site.,Closing Date & Time;Document last selling date & time;Last date & time for Tender/Proposal Security Submission;Opening Date & Time,4,no,yes,we agree to increase tender submission date.
89828,Tender Notice_PDFs/RAJUK_Tender_89828.pdf,2,1,1 Due to Technicl Falt at the tender submission on bidder site.,,0,no,yes,we agree to increase tender submission date.
901824,Tender Notice_PDFs/RAJUK_Tender_901824.pdf,1,1,1,,0,no,yes,"Due to typing mistake correction specific experience. ITT Clause- 15.1 (b) The minimum specific experience as a Prime Contractor in Road and Surface Drain construction works of at least 01(One) No. contract successfully completed within the last 05(Five) years at least Tk. 3.25 (Three point Two Five) Crore at Government, Semi-Government or Autonomous Body in Bangladesh."
905028,Tender Notice_PDFs/RAJUK_Tender_905028.pdf,1,1,1 Tender Submission time is extended for 7(Seven) days due to request of some potential Bidder for the following reasons:- • Manufacturer Authorization is required from abroad.,Closing Date & Time;Document last selling date & time;Last date & time for Tender/Proposal Security Submission;Opening Date & Time,4,no,yes,• Quality Assurance Certificate is required from abroad. • Spare Parts Certificate is required from abroad.
905029,Tender Notice_PDFs/RAJUK_Tender_905029.pdf,1,1,1 Tender Submission time is extended for 7(Seven) days due to request of some potential Bidder for the following reasons:- • Manufacturer Authorization is required from abroad.,Closing Date & Time;Document last selling date & time;Last date & time for Tender/Proposal Security Submission;Opening Date & Time,4,no,yes,• Quality Assurance Certificate is required from abroad. • Spare Parts Certificate is required from abroad.
905030,Tender Notice_PDFs/RAJUK_Tender_905030.pdf,2,1,1 Tender Submission time is extended for 7(Seven) days due to request of some potential Bidder for the following reasons:- • Manufacturer Authorization is required from abroad.,Closing Date & Time;Document last selling date & time;Last date & time for Tender/Proposal Security Submission;Opening Date & Time,4,no,yes,• Quality Assurance Certificate is required from abroad. • Spare Parts Certificate is required from abroad.
905031,Tender Notice_PDFs/RAJUK_Tender_905031.pdf,2,1,1 Tender Submission time is extended for 7(Seven) days due to request of some potential Bidder for the following reasons:- • Manufacturer Authorization is required from abroad.,Closing Date & Time;Document last selling date & time;Last date & time for Tender/Proposal Security Submission;Opening Date & Time,4,no,yes,• Quality Assurance Certificate is required from abroad. • Spare Parts Certificate is required from abroad.
905032,Tender Notice_PDFs/RAJUK_Tender_905032.pdf,1,1,1 Tender Submission time is extended for 7(Seven) days due to request of some potential Bidder for the following reasons:- • Manufacturer Authorization is required from abroad.,Closing Date & Time;Document last selling date & time;Last date & time for Tender/Proposal Security Submission;Opening Date & Time,4,no,yes,• Quality Assurance Certificate is required from abroad. • Spare Parts Certificate is required from abroad.
905033,Tender Notice_PDFs/RAJUK_Tender_905033.pdf,1,1,1 Tender Submission time is extended for 7(Seven) days due to request of some potential Bidder for the following reasons:- • Manufacturer Authorization is required from abroad.,Closing Date & Time;Document last selling date & time;Last date & time for Tender/Proposal Security Submission;Opening Date & Time,4,no,yes,• Quality Assurance Certificate is required from abroad. • Spare Parts Certificate is required from abroad.
957875,Tender Notice_PDFs/RAJUK_Tender_957875.pdf,1,1,1 Correction ITT Clause of 21.2 regarding Tender Security,,0,no,yes,"The amount of the Tender Security shall be Tk 2,00,000 ( Taka Two Lac) only"
962656,Tender Notice_PDFs/RAJUK_Tender_962656.pdf,2,2,2,,0,no,yes,Cancellation purpose of One Form e-PG3-3A out of Two due to avoid confusion.
962659,Tender Notice_PDFs/RAJUK_Tender_962659.pdf,2,2,2,,0,no,yes,Cancellation purpose of One Form e-PG2-2B out of Two due to avoid confusion.
558181,Tender Notice_PDFs/RDA_Tender_558181.pdf,2,1,1,Closing Date & Time;Document last selling date & time;Last date & time for Tender/Proposal Security Submission;Meeting End Date & Time;Opening Date & Time;Start Date(Lot No : Single);TDS/PDS--E. e-Tender Submission--,7,no,yes,Time Extension.
591949,Tender Notice_PDFs/RDA_Tender_591949.pdf,2,1,1,Closing Date & Time;Completion Date(Lot No : Single);Document last selling date & time;Last date & time for Tender/Proposal Security Submission;Meeting End Date & Time;Opening Date & Time;Start Date(Lot No : Single),7,no,yes,Time Extension due not selling of tender.
859008,Tender Notice_PDFs/RDA_Tender_859008.pdf,2,1,1,,0,no,no,Amendment/ Corrigendum-1
935036,Tender Notice_PDFs/RDA_Tender_935036.pdf,2,1,1,,0,no,yes,Amendment/ Corrigendum-1
