id,name,match_key,other_printed_names,printed_name_variants,roles,documents,first_document,first_page,name_read_from_interleaved_layout,tenders_invited,awards_approved,designations_printed,organizations,tender_ids,declared_owner_of,declared_ownership
pp0001,Saber Ahmed,SABER AHMED,saber ahmed,2,official approving the award;official inviting the tender,23,Contract_Awards_PDFs/Tender_1000267.pdf,1,,13,10,Superintending Engineer | PD ( Gulshan-Banani-Baridhara Lake | PD ( Gulshan-Banani-Baridhara Lake Development Project),Superintending Engineer (Civil Circle-3) | Superintending Engineer (Civil Circle-4) | Gulshan-Banani-Baridhara Lake Development Project,1000267;1035179;1044805;1081213;1082494;1082495;1082496;1082525;1170765;1170766;1225895;1225896;667693,,
pp0002,Md. Abdullah Al Tarique,MD ABDULLAH AL TARIQUE,,1,official approving the award;official inviting the tender,36,Contract_Awards_PDFs/Tender_1000426.pdf,1,,21,15,Superintending Engineer | Executive Engineer | Assistant Engineer,Office of the Project Director | Office of the Chairman,1000426;1140112;1140113;1142188;1234511;860822;860823;860824;880238;929618;935036;935037;935862;935863;941511;941590;941603;960601;961984;976553;984364;859008,,
pp0003,Rahat Muslemin,RAHAT MUSLEMIN,,1,official approving the award;official inviting the tender,63,Contract_Awards_PDFs/Tender_1000945.pdf,1,,39,24,PD (9apt),"Construction of multi-storied apartment Buildings on 9(Nine) nos abandoned plot at Gulshan,Mohammadpur, Lalmatia & Dhanmondi, Dhaka.",1000945;1017045;1018667;1018730;1062494;1082896;1082915;1117569;1138415;1173557;446869;447380;479604;583663;583666;590111;591292;591374;591591;591741;592175;592354;608564;608964;609656;614373;614620;615021;639295;639913;639927;702345;737121;775169;829141;840299;842165;857646;879523,,
pp0004,Mohammad Muzaffar Uddin,MOHAMMAD MUZAFFAR UDDIN,,1,official approving the award;official inviting the tender,125,Contract_Awards_PDFs/Tender_1001120.pdf,1,,82,43,PD (Uttara Appartment) | Superintending Engineer,Uttara Apartment Project | Superintending Engineer (Civil Circle-1),1000530;1001120;1001613;1003623;1008266;1017448;1023051;1023052;1023053;1023054;1023057;1023059;1023060;1023061;1023063;1094618;1123494;1124881;1135970;1149822;423280;501956;502059;502977;502982;502984;510186;514341;514342;514343;584524;597090;619039;620619;637168;637169;637171;656595;659096;660091;662605;671803;671804;671805;684610;690870;699109;699111;699609;713439;713622;732686;745254;745718;747837;755031;770668;770669;775307;775309;775518;788086;796189;800104;800105;813704;826146;860503;860528;935084;935090;935092;935093;944366;957875;959288;962656;962658;962659;974362;982350;984794,,
pp0005,Sabbir Bin Taher,SABBIR BIN TAHER,,1,official approving the award;official inviting the tender,61,Contract_Awards_PDFs/Tender_1001460.pdf,1,,39,22,Sup. Eng. (Mechanical) | Sup. Eng. (Elec.),Office of the Superintending Engineer (Mechanical) | Office of the Superintending Engineer (Electrical),1001460;1001461;1014223;1031800;1031801;1056194;1056195;1059690;1062628;1077063;1109349;1109365;1134392;1134396;1140010;1140011;1154317;1167810;1205116;1240321;1240322;1240323;1250614;1294288;1297773;825783;825901;828053;832064;832070;854205;887587;887588;887589;888738;888828;891746;938968;938969;747343;755274;755479;756104,,
pp0006,Kazi Kader Newaz,KAZI KADER NEWAZ,,1,official approving the award;official inviting the tender,54,Contract_Awards_PDFs/Tender_1001782.pdf,1,,31,23,Assistant Engineer | Executive Engineer,"Project Director (CDA Square) | Construction Division-1, Chattogram Development Authority | Construction Division-1 | Project Director(KK Newaz), Chittagong Development Authority | Project Director (Dewanhat)",1001782;1001843;1023323;1023333;1028832;133881;223246;527700;528774;547817;596661;728810;730799;735107;736874;791688;824096;851858;851863;851864;851865;862601;862635;863109;863116;909179;909193;909196;909308;944909;954661,,
pp0007,MOHAMMAD NAZMUS SAKIB JAMALI,MOHAMMAD NAZMUS SAKIB JAMALI,mohammad nazmus sakib jamali,2,official approving the award;official inviting the tender,122,Contract_Awards_PDFs/Tender_1002814.pdf,1,,71,51,Sup. Eng. (Elec.),Office of the Superintending Engineer (Electrical),1002814;1002854;1008472;1013104;1014738;1022432;1030720;1030829;1031711;1031714;1038890;1074002;1074022;1074661;1081271;1081736;1083479;1083760;1097226;1097756;1135936;1146506;1146509;1146510;1146511;1147755;1186178;1186179;1189629;1205153;1205154;1205157;1205162;1206004;1215675;1215677;1222794;1222799;1232699;1234620;1234622;1262415;1262416;1265185;1272697;685799;685873;685885;704135;704165;706666;936176;936225;936227;936248;948435;948446;948448;969450;969481;969489;969822;980083;980096;980099;980104;980158;989834;989865;989883;998795;622539;622586;622637;888738;888828,,
pp0008,Mohammad Hasan,MOHAMMAD HASAN,,1,official approving the award;official inviting the tender,14,Contract_Awards_PDFs/Tender_100483.pdf,1,,8,6,Project Director | Executive Engineer,"Project Director(Silimpur) | Project Director(DC Road) | Construction Division-1, Chattogram Development Authority | Project Director(Mohammad Hasan)",100483;101083;1115432;200650;201012;201451;281992;303865,,
pp0009,Md Mobarak Hossain,MD MOBARAK HOSSAIN,Md. Mobarak Hossain,2,official approving the award;official inviting the tender,40,Contract_Awards_PDFs/Tender_1007300.pdf,1,,24,16,Superintending Engineer,Superintending Engineer (Civil Circle-4) | Uttara Lake Development Project,1007300;1013268;1013269;1013270;1016865;1016866;1016867;639202;641674;661661;661888;710843;727612;752801;792351;870258;870259;870260;870261;889937;889938;948744;948745;948746,,
pp0010,Md. Nurul Islam,MD NURUL ISLAM,,1,official approving the award;official inviting the tender,61,Contract_Awards_PDFs/Tender_1008542.pdf,1,,48,13,Project Director | PD (Jhilmil) | Sup. Eng. (Mechanical) | Sup. Eng. (Elec.),Purbachal New Town Project | Development of Residential and commercial Infrastructure at Jhilmil Residential Project Area | Office of the Superintending Engineer (Mechanical) | Office of the Superintending Engineer (Electrical),1008542;1008543;1008544;1008545;1008546;1008547;1008548;1011370;1011371;1060890;1060891;1060892;1060893;1060894;1060895;1066944;1066945;1066946;1069558;1069559;1069560;1069561;1069562;1069563;1069564;1071058;1071059;476403;476405;476406;476407;476408;722613;722614;747343;753302;753303;753305;753306;753307;753308;753309;753310;753311;753312;755274;755479;756104;975322,,
pp0011,Md Shoeb Howlader,MD SHOEB HOWLADER,,1,official approving the award;official inviting the tender,6,Contract_Awards_PDFs/Tender_1009276.pdf,1,,3,3,Assistant Programmer,Office of the Assistant Programmer,1009276;1072723;699961,,
pp0012,Montasir Mamun,MONTASIR MAMUN,,1,official approving the award;official inviting the tender,20,Contract_Awards_PDFs/Tender_1010247.pdf,1,,12,8,Project Director | Executive Engineer (M),Office of the Project Director (KDA Multipurpose Building) | Office of Exen (Maintenance),1007160;1010247;1013009;1020481;1076521;688763;688794;728690;728691;728692;953792;953793,,
pp0013,Tahsin Bin Alam,TAHSIN BIN ALAM,,1,official approving the award;official inviting the tender,57,Contract_Awards_PDFs/Tender_1016323.pdf,1,,31,26,Member (Engineer),Cox's Bazar Development Authority,1016323;1016492;1016870;1024374;1024391;1024467;1024517;1024525;1024741;1024787;1024807;1024943;1024948;1025944;1039767;891971;916128;925146;925988;935064;935974;937128;949817;949919;950811;951146;963968;963987;966347;971832;978265,,
pp0014,Mortoza Al Mamun,MORTOZA AL MAMUN,,1,official approving the award;official inviting the tender,13,Contract_Awards_PDFs/Tender_1037582.pdf,1,,7,6,Project Director,Office of the Project Director (KDA Bus Terminal) | Office of the Project Director (3Link Road),1037582;867256;868640;932066;941420;975516;991635,,
pp0015,Md. Aminur Rahman,MD AMINUR RAHMAN,,1,official approving the award;official inviting the tender,38,Contract_Awards_PDFs/Tender_1044320.pdf,1,,24,14,PD (Jhilmil) | Superintending Engineer,Development of Residential and commercial Infrastructure at Jhilmil Residential Project Area | Superintending Engineer (Civil Circle-2),1044320;1058290;1058291;1058292;1058293;1060377;1060378;1060379;1060380;1060381;1207633;1207634;1207635;1207636;1207637;1266470;905912;905913;905914;905915;905916;926607;926623;948434,,
pp0016,Khandakar Md. Wahid Sadique,KHANDAKAR MD WAHID SADIQUE,,1,official approving the award;official inviting the tender,11,Contract_Awards_PDFs/Tender_1060890.pdf,1,,1,10,Superintending Engineer | Project Director,Superintending Engineer (Civil Circle-3) | Purbachal New Town Project,1307402;1060890;1060891;1060895;1069558;1069559;1069560;1069561;1069562;1069564;1071058,,
pp0017,Md. Mahfuzur Rahman,MD MAHFUZUR RAHMAN,,1,official approving the award;official inviting the tender,10,Contract_Awards_PDFs/Tender_108836.pdf,1,,5,5,Executive Engineer,Project Director (Muradpur Flyover) | Project Director (Dewanhat),108836;189939;189944;215555;99692,,
pp0018,A. B. M. Ehsanul Mamun,A B M EHSANUL MAMUN,,1,official approving the award;official inviting the tender,5,Contract_Awards_PDFs/Tender_1096839.pdf,1,,3,2,Director (Admin),Director (Admin),1096839;1096909;1129777,,
pp0019,SARKER MARUF AHAMAD,SARKER MARUF AHAMAD,,1,beneficial owner,5,Contract_Awards_PDFs/Tender_1097226.pdf,1,,0,0,,,,Aliza Enterprise,100%;100%;100%;100%;100%
pp0020,A. A. M. Habibur Rahman,A A M HABIBUR RAHMAN,A A M Habibur Rahman,2,official approving the award;official inviting the tender,11,Contract_Awards_PDFs/Tender_110297.pdf,1,,7,4,Project Director | Executive Engineer | Superintending Engineer,Project Director (Saltgola) | Construction Division-1 | Superintending Engineer-2,110297;425270;436738;507215;918775;965239;99744,,
pp0021,Md Samsuzzaman,MD SAMSUZZAMAN,,1,official approving the award;official inviting the tender,2,Contract_Awards_PDFs/Tender_111480.pdf,1,,1,1,Executive Engineer,"Office of the Executive Engineer, LGED, Department (LGED) Satkhira | Office of the Executive Engineer, LGED, Satkhira",111480,,
pp0022,Abu Nayeem Md.Talat,ABU NAYEEM MD TALAT,,1,official approving the award;official inviting the tender,66,Contract_Awards_PDFs/Tender_1119438.pdf,1,,39,27,Member (Engineer),Cox's Bazar Development Authority,1119438;1121584;1148941;1150077;1150442;1150459;1150469;1156352;1156359;1157085;1157266;1157269;1157288;1160337;1163187;1163354;1163355;1172101;1172974;1173101;1173102;1178437;1183753;1183822;1183835;1184463;1184466;1184467;1184470;1185193;1189962;1199127;1207915;1211856;1252250;1257433;1257498;1258384;1265472,,
pp0023,Freedom Fighter Principal Md. Bazlur Rahman,FREEDOM FIGHTER PRINCIPAL MD BAZLUR RAHMAN,,1,official approving the award,7,Contract_Awards_PDFs/Tender_112012.pdf,1,,0,7,Chaiman,Office of the Chairman | Office of the Chaiman,112012;207700;284197;291722;322093;64165;98996,,
pp0024,A. H. M. Mesbah Uddin,A H M MESBAH UDDIN,A H M Mesbah Uddin | A. H. M. MESBAH UDDIN,3,official approving the award;official inviting the tender,79,Contract_Awards_PDFs/Tender_1128572.pdf,1,,48,31,Project Director | Assistant Engineer,"Project Director(M.Uddin), Chittagong Development Authority | Project Director (MehedibagSQ) | Project Director(M.Uddin) | Project Director(Shishukanon)",1006947;1032943;1049598;1111428;1123107;1128572;114570;1251823;234888;235131;235166;287442;309557;357570;360423;363990;387658;395550;410561;427246;434918;478680;498041;523954;539744;539749;598954;614376;616340;631780;637086;640368;644083;647622;667218;669414;670154;683811;731173;765097;773275;840372;865569;868908;91142;945416;945875;971997,,
pp0025,Md. Anwar Hossain,MD ANWAR HOSSAIN,,1,official approving the award;official inviting the tender,115,Contract_Awards_PDFs/Tender_113428.pdf,1,,83,32,"Chief Engineer, Project & Design | Chief Engineer, Implementation",office of the Chief Engineer ( Project & Design) | Office of the Chief Engineer (Implementation) | office of Chief Engineer ( Project & Design),101974;113428;114054;119326;119498;119500;119545;122105;125872;125873;125874;125877;126807;151177;168193;172775;174655;174658;174661;174662;174664;174665;174666;174667;174668;174669;174670;174671;174673;174674;174677;174678;174680;174683;174685;174686;174700;174705;174709;174710;174712;174714;174717;174720;182856;189828;18994;190232;198193;198200;198298;198333;198861;199294;199306;199307;199363;199364;199368;199377;199891;202993;209496;209498;209736;209938;209939;209949;214247;214250;214275;251214;251218;251224;251227;286205;72156;72166;86290;89904;89908;96142;98617,,
pp0026,ABDUL AZIZ SHEIKH,ABDUL AZIZ SHEIKH,,1,beneficial owner,1,Contract_Awards_PDFs/Tender_1134396.pdf,1,,0,0,,,,Sohel Engineering & Construction Ltd.,70%
pp0027,MRS. SHEULY AZIZ,MRS SHEULY AZIZ,,1,beneficial owner,1,Contract_Awards_PDFs/Tender_1134396.pdf,1,,0,0,,,,Sohel Engineering & Construction Ltd.,10%
pp0028,ANAMUL HAQUE SOHEL,ANAMUL HAQUE SOHEL,,1,beneficial owner,1,Contract_Awards_PDFs/Tender_1134396.pdf,1,,0,0,,,,Sohel Engineering & Construction Ltd.,10%
pp0029,MD. ASHRAFUL ALAM,MD ASHRAFUL ALAM,,1,beneficial owner,1,Contract_Awards_PDFs/Tender_1134396.pdf,1,,0,0,,,,Sohel Engineering & Construction Ltd.,10%
pp0030,Md. Laltu Mia,MD LALTU MIA,,1,beneficial owner,1,Contract_Awards_PDFs/Tender_1138415.pdf,1,,0,0,Proprietor,,,M/S MEHNUR TRADERS,100%
pp0031,Md. Abu Sayed,MD ABU SAYED,,1,beneficial owner,1,Contract_Awards_PDFs/Tender_1146509.pdf,1,,0,0,,,,Optimal Technology (Pvt. ) Ltd.,15.39%
pp0032,Abdul Malek Shikder,ABDUL MALEK SHIKDER,,1,beneficial owner,1,Contract_Awards_PDFs/Tender_1146509.pdf,1,,0,0,,,,Optimal Technology (Pvt. ) Ltd.,15.39%
pp0033,Md. Atiqur Rhaman,MD ATIQUR RHAMAN,,1,beneficial owner,1,Contract_Awards_PDFs/Tender_1146509.pdf,1,,0,0,,,,Optimal Technology (Pvt. ) Ltd.,15.39%
pp0034,Md. Alam Hossain,MD ALAM HOSSAIN,,1,beneficial owner,1,Contract_Awards_PDFs/Tender_1146509.pdf,1,,0,0,,,,Optimal Technology (Pvt. ) Ltd.,15.39%
pp0035,Md. Ashraful Siddique (Mamim),MD ASHRAFUL SIDDIQUE MAMIM,,1,beneficial owner,1,Contract_Awards_PDFs/Tender_1146509.pdf,1,,0,0,,,,Optimal Technology (Pvt. ) Ltd.,15.39%
pp0036,Md. Jaynul Hassan,MD JAYNUL HASSAN,,1,beneficial owner,1,Contract_Awards_PDFs/Tender_1146509.pdf,1,,0,0,,,,Optimal Technology (Pvt. ) Ltd.,15.39%
pp0037,Others (Each Holding < 10%),OTHERS EACH HOLDING 10,,1,beneficial owner,2,Contract_Awards_PDFs/Tender_1146509.pdf,1,,0,0,,,,Optimal Technology (Pvt. ) Ltd. | Bangla Trac Limited,7.66%;1%
pp0038,Md. Abdulla,MD ABDULLA,,1,official approving the award;official inviting the tender,6,Contract_Awards_PDFs/Tender_1152584.pdf,1,,3,3,Executive Engineer,"Office of the Project Director, CoxDA Residential Flat Project-1",1152584;1152671;1152766,,
pp0039,Juel Biswas,JUEL BISWAS,,1,beneficial owner,2,Contract_Awards_PDFs/Tender_1157085.pdf,1,,0,0,,,,M/S. Prominent Engineers,100%;100%
pp0040,Faysal Sarwar,FAYSAL SARWAR,,1,beneficial owner,4,Contract_Awards_PDFs/Tender_1160337.pdf,1,,0,0,,,,Nahar Construction,100%;100%;100%;100%
pp0041,Md Tanvir Hasan Rezaul,MD TANVIR HASAN REZAUL,,1,official approving the award;official inviting the tender,26,Contract_Awards_PDFs/Tender_1163081.pdf,1,,13,13,Deputy Town Planner,CoxDA Master Plan,1163081;1272190;1273100;834339;835443;835607;835662;835847;837643;837644;975403;976291;976770,,
pp0042,Tarique Ekramul Haque,TARIQUE EKRAMUL HAQUE,,1,beneficial owner,1,Contract_Awards_PDFs/Tender_1163187.pdf,1,,0,0,,,,Bangla Trac Limited,50%
pp0043,Banglatrac Holdings Limited,BANGLATRAC HOLDINGS LIMITED,,1,beneficial owner,1,Contract_Awards_PDFs/Tender_1163187.pdf,1,,0,0,,,,Bangla Trac Limited,49%
pp0044,MD. MOTUR ROHMAN MOLLA,MD MOTUR ROHMAN MOLLA,,1,beneficial owner,12,Contract_Awards_PDFs/Tender_1172974.pdf,1,,0,0,,,,M/S Molla & Brothers,100%;100%;100%;100%;100%;100%;100%;100%;100%;100%;100%;100%
pp0045,MD SHAH ALAM,MD SHAH ALAM,,1,beneficial owner,1,Contract_Awards_PDFs/Tender_1173557.pdf,1,,0,0,,,,M/S. Alam & Co.,100%
pp0046,Jafar Ahmmad,JAFAR AHMMAD,,1,beneficial owner,1,Contract_Awards_PDFs/Tender_1178437.pdf,1,,0,0,,,,M/S Building Construction Consultant (BCC),100%
pp0047,Md. Emran Hossain,MD EMRAN HOSSAIN,,1,beneficial owner,1,Contract_Awards_PDFs/Tender_1183753.pdf,1,,0,0,,,,FUJITECH,100%
pp0048,Mohammad Ferdous Islam,MOHAMMAD FERDOUS ISLAM,,1,beneficial owner,1,Contract_Awards_PDFs/Tender_1183835.pdf,1,,0,0,,,,Sumon Enterprise,100%
pp0049,Mohammad Zahirul Islam,MOHAMMAD ZAHIRUL ISLAM,,1,beneficial owner,1,Contract_Awards_PDFs/Tender_1185193.pdf,1,,0,0,,,,Smart Technologies (BD) Ltd.,50%
pp0050,Mohd. Mazharul Islam,MOHD MAZHARUL ISLAM,,1,beneficial owner,1,Contract_Awards_PDFs/Tender_1185193.pdf,1,,0,0,,,,Smart Technologies (BD) Ltd.,50%
pp0051,Moniruzzaman Sharif,MONIRUZZAMAN SHARIF,,1,beneficial owner,1,Contract_Awards_PDFs/Tender_1186178.pdf,1,,0,0,,,,M/S. Sharif & Sons,100%
pp0052,Mahabobul Islam,MAHABOBUL ISLAM,,1,beneficial owner,4,Contract_Awards_PDFs/Tender_1186179.pdf,1,,0,0,,,,T.S Enterprise,100%;100%;100%;100%
pp0053,A S M Raihanul Ferodus,A S M RAIHANUL FERODUS,,1,official approving the award;official inviting the tender,82,Contract_Awards_PDFs/Tender_119636.pdf,1,,60,22,"Chief Engineer, Project & Design | Chief Engineer, Implementation",office of the Chief Engineer ( Project & Design) | Office of the Chief Engineer (Implementation),110916;119629;119632;119636;125042;125126;125292;125293;125294;125295;125297;125298;125300;125301;134917;141649;144571;146363;146364;146365;146370;146372;146374;146376;146377;146380;146381;146443;146449;149102;149103;149104;149105;149107;149108;149110;149115;149117;149118;150704;162060;162590;169223;170785;171570;173602;173603;173605;174034;72113;72139;79261;79262;79395;80585;80586;85344;89106;89828;98112,,
pp0054,Mehedi Hasan,MEHEDI HASAN,,1,beneficial owner,1,Contract_Awards_PDFs/Tender_1205116.pdf,1,,0,0,Chairman,,,Furniture Concept & Interior Ltd.,20%
pp0055,Md. Jems Uddin Joni,MD JEMS UDDIN JONI,,1,beneficial owner,1,Contract_Awards_PDFs/Tender_1205116.pdf,1,,0,0,Managing Director,,,Furniture Concept & Interior Ltd.,80%
pp0056,Md Saiful Islam,MD SAIFUL ISLAM,Md. Saiful Islam,2,beneficial owner;official approving the award;official inviting the tender,4,Contract_Awards_PDFs/Tender_1205153.pdf,1,,2,1,Assistant Programmer | Proprietor,Office of the Assistant Programmer,448675;524780,M/S. Bangladesh Computer Land,100%
pp0057,Mohammed Moinuddin,MOHAMMED MOINUDDIN,,1,beneficial owner,1,Contract_Awards_PDFs/Tender_1205154.pdf,1,,0,0,Managing Director,,,MAAN BANGLADESH LTD.,100%
pp0058,MD SOFIQUL ISLAM,MD SOFIQUL ISLAM,,1,beneficial owner,1,Contract_Awards_PDFs/Tender_1205157.pdf,1,,0,0,,,,Hazi Traders,100%
pp0059,ASM Raisul Hasan Shoaib,ASM RAISUL HASAN SHOAIB,,1,beneficial owner,2,Contract_Awards_PDFs/Tender_1207634.pdf,1,,0,0,Managing Director,,,SUNTECH ENERGY LTD.,100%;100%
pp0060,NADIRA PARVIN SHILPI,NADIRA PARVIN SHILPI,,1,beneficial owner,1,Contract_Awards_PDFs/Tender_1207636.pdf,1,,0,0,Chairman,,,HTMS Limited,22.23%
pp0061,AFTAB AHMED,AFTAB AHMED,,1,beneficial owner,1,Contract_Awards_PDFs/Tender_1207636.pdf,1,,0,0,Managing Director,,,HTMS Limited,77.77%
pp0062,Ashikur rahim,ASHIKUR RAHIM,,1,beneficial owner,1,Contract_Awards_PDFs/Tender_1207637.pdf,1,,0,0,,,,MULTITRADE INTERNATIONAL,100%
pp0063,Mohammad Omar Farook,MOHAMMAD OMAR FAROOK,,1,beneficial owner,1,Contract_Awards_PDFs/Tender_1215675.pdf,1,,0,0,Proprietor,,,Cooltech Corporation,100%
pp0064,MD. ABDUL ALIM,MD ABDUL ALIM,,1,beneficial owner,1,Contract_Awards_PDFs/Tender_1215677.pdf,1,,0,0,,,,AAYAT ENTERPRISE,100%
pp0065,Mehdi Amin Chowdhury,MEHDI AMIN CHOWDHURY,,1,beneficial owner,1,Contract_Awards_PDFs/Tender_1225895.pdf,1,,0,0,Managing Partner,,,SSL- Convoy JV (Joint Venture),50%
pp0066,Hifzul Amin Chowdhury,HIFZUL AMIN CHOWDHURY,,1,beneficial owner,1,Contract_Awards_PDFs/Tender_1225895.pdf,1,,0,0,Managing Partner,,,SSL- Convoy JV (Joint Venture),50%
pp0067,Engr. Shafiqul Haque Talukder,ENGR SHAFIQUL HAQUE TALUKDER,,1,beneficial owner,1,Contract_Awards_PDFs/Tender_1225895.pdf,1,,0,0,Managing Director,,,SSL- Convoy JV (Joint Venture),100%
pp0068,Md Easin Molla,MD EASIN MOLLA,,1,beneficial owner,1,Contract_Awards_PDFs/Tender_1225896.pdf,1,,0,0,Proprietor,,,M/S. Dawn Corporation,100%
pp0069,Md Mostafa Jamal,MD MOSTAFA JAMAL,Md. Mostafa Jamal,2,official approving the award;official inviting the tender,27,Contract_Awards_PDFs/Tender_1231413.pdf,1,,19,8,System Analyst,Management Information System (MIS),1048608;1128704;1129166;1129170;1231413;1267626;1306342;147563;173113;192714;423315;514221;749274;780102;809857;815786;836329;924201;968867,,
pp0070,MD. ABDUL BARI,MD ABDUL BARI,,1,beneficial owner,1,Contract_Awards_PDFs/Tender_1231413.pdf,1,,0,0,Proprietor,,,B & S ENGINEERING,100%
pp0071,Md. Mohaiminul Islam,MD MOHAIMINUL ISLAM,,1,beneficial owner,1,Contract_Awards_PDFs/Tender_1234511.pdf,1,,0,0,,,,MAA Enterprise,100%
pp0072,KAZI ENAYET HOSSAIN,KAZI ENAYET HOSSAIN,,1,official approving the award;official inviting the tender,2,Contract_Awards_PDFs/Tender_124055.pdf,1,,1,1,Project Director,Office of the Project Director (KDA Rest House Project-Khulna),124055,,
pp0073,Ripon Kumer Roy,RIPON KUMER ROY,,1,official approving the award;official inviting the tender,7,Contract_Awards_PDFs/Tender_1251756.pdf,1,,4,3,Chief Engineer,"Office of the Chief Engineer, Gazipur Development Authority",1251658;1251756;1251766;1261854,,
pp0074,EBADAT HOSSAIN,EBADAT HOSSAIN,,1,beneficial owner,1,Contract_Awards_PDFs/Tender_1251756.pdf,1,,0,0,,,,CAR RENT. COM BD,100%
pp0075,LISANUL HOQUE,LISANUL HOQUE,,1,beneficial owner,1,Contract_Awards_PDFs/Tender_1251766.pdf,1,,0,0,,,,GREONY CORPORATION,100%
pp0076,Md. Mumitur Rahman,MD MUMITUR RAHMAN,,1,official approving the award;official inviting the tender,10,Contract_Awards_PDFs/Tender_1253316.pdf,1,,8,2,Member (Planning) | Member (Administration and Finance),"Planning Section, Gazipur Development Authority | Office of the Member,Administration and Finance Department, Gazipur Development Authority",1253316;1253318;1253320;1253425;1253427;1253428;1261983;1262256,,
pp0077,Md. Anwar Sadad,MD ANWAR SADAD,,1,beneficial owner,2,Contract_Awards_PDFs/Tender_1253316.pdf,1,,0,0,Proprietor,,,Creative Engineering & Technology,100%;100%
pp0078,Dewan Mahmudul Haque,DEWAN MAHMUDUL HAQUE,,1,official approving the award,2,Contract_Awards_PDFs/Tender_1253428.pdf,1,,0,2,Member (Administration and Finance),"Office of the Member,Administration and Finance Department, Gazipur Development Authority",1253428;1262256,,
pp0079,MD. Mehedi Hassan,MD MEHEDI HASSAN,,1,official approving the award;official inviting the tender,6,Contract_Awards_PDFs/Tender_1257073.pdf,1,,5,1,Secretary,"Admin and Finance Section, Gazipur Development Authority",1257073;1288890;1290616;1306351;1306354,,
pp0080,NAZIUR RAHMAN,NAZIUR RAHMAN,,1,beneficial owner,1,Contract_Awards_PDFs/Tender_1257073.pdf,1,,0,0,Managing Director,,,FURNITURE SOLUTION & INTERIOR,50%
pp0081,MD. MONIRUL ISLAM,MD MONIRUL ISLAM,,1,beneficial owner,1,Contract_Awards_PDFs/Tender_1257073.pdf,1,,0,0,Managing Partner,,,FURNITURE SOLUTION & INTERIOR,50%
pp0082,MD. AL MAMUN,MD AL MAMUN,,1,beneficial owner,3,Contract_Awards_PDFs/Tender_1261854.pdf,1,,0,0,,,,BROTHER'S SECURITY & SUPPLY CHAIN,100%;100%;100%
pp0083,MD. NAZIM UDDIN,MD NAZIM UDDIN,,1,beneficial owner,1,Contract_Awards_PDFs/Tender_1267626.pdf,1,,0,0,,,,Fatema Construction BD,100%
pp0084,A S M Raihanul Ferdous,A S M RAIHANUL FERDOUS,,1,official approving the award;official inviting the tender,60,Contract_Awards_PDFs/Tender_134910.pdf,1,,34,26,"Chief Engineer, Project & Design",office of the Chief Engineer ( Project & Design),134910;236241;236242;248616;248617;248618;248619;248621;248622;248623;248625;248631;248633;276518;287329;287337;287341;287345;287350;287352;287354;287356;287357;287358;287360;294388;294444;316510;329551;329552;329553;329556;360496;376450;214561;248630;260451;260513,,
pp0085,Kazi Md. Sabirul Alam,KAZI MD SABIRUL ALAM,,1,official approving the award;official inviting the tender,20,Contract_Awards_PDFs/Tender_149365.pdf,1,,13,7,Chief Engineer,Office of Chief Engineer,149365;277364;277365;277366;277367;277368;277369;292378;292379;326787;326788;366041;366087,,
pp0086,Mir Abul Kashem,MIR ABUL KASHEM,,1,official approving the award;official inviting the tender,2,Contract_Awards_PDFs/Tender_15000.pdf,1,,1,1,Executive Engineer,"Grid Maintenance Division, Comilla (PGCB) | Grid Maintenance Division, Comilla",15000,,
pp0087,Md. Rezaul Karim,MD REZAUL KARIM,,1,official approving the award;official inviting the tender,2,Contract_Awards_PDFs/Tender_159826.pdf,1,,1,1,Executive Engineer,"Office of the Executive Engineer, LGED, Department (LGED) Pabna | Office of the Executive Engineer, LGED, Pabna",159826,,
pp0088,Mr. Abdul Latif Helaly,MR ABDUL LATIF HELALY,,1,official approving the award;official inviting the tender,8,Contract_Awards_PDFs/Tender_164878.pdf,1,,4,4,Project Director,"Office of the Project Director, Urban Resilience Project-RAJUK Part,RAJUK,Dhaka",164878;174037;178196;199942,,
pp0089,Molla Mizanur Rahman,MOLLA MIZANUR RAHMAN,,1,official approving the award;official inviting the tender,2,Contract_Awards_PDFs/Tender_168749.pdf,1,,1,1,Executive Engineer,"Office of the Executive Engineer, LGED, Department (LGED) Barisal | Office of the Executive Engineer, LGED, Barisal",168749,,
pp0090,Md. Harunar Rashid,MD HARUNAR RASHID,,1,official approving the award;official inviting the tender,7,Contract_Awards_PDFs/Tender_179865.pdf,1,,4,3,Assistant Programmer,Office of the Assistant Programmer,179865;179866;262818;276885,,
pp0091,Md. Moktar Hossain Khan,MD MOKTAR HOSSAIN KHAN,,1,official approving the award;official inviting the tender,2,Contract_Awards_PDFs/Tender_20558.pdf,1,,1,1,Executive Engineer,Dinajpur O&M Division (BWDB) | Dinajpur O&M Division,20558,,
pp0092,Mr. Md. Mahfuzur Rahman,MR MD MAHFUZUR RAHMAN,,1,official approving the award;official inviting the tender,3,Contract_Awards_PDFs/Tender_212401.pdf,1,,2,1,Executive Engineer,Project Division,178554;212401,,
pp0093,Abdul Latif Helaly,ABDUL LATIF HELALY,,1,official approving the award;official inviting the tender,39,Contract_Awards_PDFs/Tender_237820.pdf,1,,24,15,"Project Director | Chief Engineer, Implementation","Office of the Project Director, Urban Resilience Project-RAJUK Part,RAJUK,Dhaka | Office of the Chief Engineer (Implementation)",237820;292111;293000;293004;293018;301503;301505;311188;312476;312478;312479;320832;322658;339042;339493;339496;376977;389133;427350;437635;475789;475801;494177;564502;251224;251227,,
pp0094,Lt. Col Anwar Ul Islam,LT COL ANWAR UL ISLAM,Lt Col Anwar Ul Islam,2,official approving the award;official inviting the tender,43,Contract_Awards_PDFs/Tender_270190.pdf,1,,29,14,Member (Engineer),Cox's Bazar Development Authority,270190;270651;276338;282186;417304;418364;424168;446283;448324;448434;461085;461209;464552;464647;471795;509251;528460;540981;545922;547875;548292;548589;549164;549299;549317;549431;549467;550266;550267,,
pp0095,Md. Mazibur Rahman,MD MAZIBUR RAHMAN,,1,official approving the award;official inviting the tender,7,Contract_Awards_PDFs/Tender_302667.pdf,1,,4,3,Planning Officer,Office of Planning Officer,302667;317182;317767;317768,,
pp0096,Rajib Das,RAJIB DAS,,1,official approving the award;official inviting the tender,8,Contract_Awards_PDFs/Tender_342502.pdf,1,,5,3,Executive Engineer,Project Director(CRBKRKBC) | Project Director(Rajib Das),1280331;342502;627787;775105;943936,,
pp0097,Md. Anwar Hussain,MD ANWAR HUSSAIN,,1,official approving the award;official inviting the tender,21,Contract_Awards_PDFs/Tender_383988.pdf,1,,15,6,Chaiman,Office of the Chairman,383988;558181;591949;595725;627115;627116;638918;638921;658227;675266;680144;699958;703479;731597;745614,,
pp0098,Md. Zoinal Abedin,MD ZOINAL ABEDIN,,1,official approving the award;official inviting the tender,4,Contract_Awards_PDFs/Tender_398199.pdf,1,,2,2,Executive Engineer,Electrical & Mechanical Engineering (EME),398199;409461,,
pp0099,Ujjwal Mallick,UJJWAL MALLICK,,1,official approving the award;official inviting the tender,68,Contract_Awards_PDFs/Tender_427858.pdf,1,,50,18,Project Director | Superintending Engineer,Purbachal New Town Project | Superintending Engineer (Civil Circle-3),427820;427825;427828;427832;427834;427848;427851;427855;427858;427861;427863;466081;466089;466094;466100;466105;466107;466108;466109;505037;507537;528756;528758;535709;535710;535712;535717;535718;535719;590668;601508;601511;601512;601514;601516;601518;601519;601520;616291;616292;616293;616294;632736;632746;632748;632749;639731;639732;748677;792327,,
pp0100,Md. Shah Alamgir,MD SHAH ALAMGIR,,1,official approving the award;official inviting the tender,2,Contract_Awards_PDFs/Tender_42800.pdf,1,,1,1,Executive Engineer,"Office of the Executive Engineer, LGED, Department (LGED) Chittagong | Office of the Executive Engineer, LGED, Chittagong",42800,,
pp0101,Md. Abdul Awal,MD ABDUL AWAL,,1,official approving the award;official inviting the tender,23,Contract_Awards_PDFs/Tender_431689.pdf,1,,12,11,PD (Uttara 3rd Phase),Uttara 3rd Phase Project,431687;431689;431690;431692;431697;431699;431701;431702;431704;431706;431707;431708,,
pp0102,Md. Arman Hossain,MD ARMAN HOSSAIN,,1,official approving the award;official inviting the tender,7,Contract_Awards_PDFs/Tender_459665.pdf,1,,5,2,Project Director | Executive Engineer (Works),Office of Exen (works) | Office of the Executive Engineer (Works),1142890;1265434;459665;502973;581310,,
pp0103,Mohd. Manzur Hasan,MOHD MANZUR HASAN,,1,official approving the award;official inviting the tender,12,Contract_Awards_PDFs/Tender_501707.pdf,1,,7,5,Executive Engineer,"Construction Division-3 | Executive Engineer, Construction Division- 3",501707;504349;504351;515366;519402;786407;894645,,
pp0104,Md. Julfiker Ali Khan,MD JULFIKER ALI KHAN,,1,official approving the award;official inviting the tender,18,Contract_Awards_PDFs/Tender_517916.pdf,1,,15,3,Sup. Eng. (Elec.),Office of the Superintending Engineer (Electrical),480539;480550;480572;506934;517916;517938;517945;536842;536846;583196;583212;583276;622539;622586;622637,,
pp0105,Kazi Hasan Bin Shams,KAZI HASAN BIN SHAMS,,1,official approving the award;official inviting the tender,6,Contract_Awards_PDFs/Tender_538256.pdf,1,,4,2,Chief Engineer,Project Director (CCORRP),538256;867632;917088;917456,,
pp0106,Lt Col Md Khijir Khan,LT COL MD KHIJIR KHAN,,1,official approving the award;official inviting the tender,37,Contract_Awards_PDFs/Tender_548292.pdf,1,,21,16,Member (Engineer),Cox's Bazar Development Authority,563475;563563;577378;617410;617449;617807;618898;643399;644172;647467;653051;653586;669151;681465;703185;703186;733637;771427;771464;781008;781011;548292;548589;549164;549299;549431;550266;550267,,
pp0107,Md. Nazmul Huda,MD NAZMUL HUDA,,1,official approving the award;official inviting the tender,2,Contract_Awards_PDFs/Tender_561734.pdf,1,,1,1,Assistant Programmer,Office of the Assistant Programmer,561734,,
pp0108,MD. HAFIZUL ISLAM,MD HAFIZUL ISLAM,,1,official approving the award;official inviting the tender,14,Contract_Awards_PDFs/Tender_595833.pdf,1,,8,6,PD (Uttara 3rd Phase),Uttara 3rd Phase Project,595833;615572;647342;647346;647351;647356;647359;647361,,
pp0109,Bishawnath Biswas,BISHAWNATH BISWAS,,1,official approving the award;official inviting the tender,2,Contract_Awards_PDFs/Tender_629331.pdf,1,,1,1,Executive Engineer,Electrical & Mechanical Engineering (EME),629331,,
pp0110,Muhammad Kamruzzaman,MUHAMMAD KAMRUZZAMAN,,1,official approving the award;official inviting the tender,6,Contract_Awards_PDFs/Tender_663428.pdf,1,,3,3,Director (Admin),Director (Admin),663428;663429;672061,,
pp0111,Mohammad Abu Issa Anshary,MOHAMMAD ABU ISSA ANSHARY,,1,official approving the award;official inviting the tender,7,Contract_Awards_PDFs/Tender_670297.pdf,1,,5,2,Deputy Chief Town Planner,Project Director (Master Plan),1287229;655654;670297;733123;745109,,
pp0112,Md. Tanvir Ahmed,MD TANVIR AHMED,,1,official approving the award;official inviting the tender,4,Contract_Awards_PDFs/Tender_695670.pdf,1,,3,1,Planning Officer,Office of Planning Officer,1132951;1173472;695670,,
pp0113,Md. Khijir Khan,MD KHIJIR KHAN,,1,official approving the award;official inviting the tender,6,Contract_Awards_PDFs/Tender_781011.pdf,1,,3,3,Member (Engineer),Cox's Bazar Development Authority,808075;808097;827087;781011,,
pp0114,Asad Bin Anwar,ASAD BIN ANWAR,,1,official approving the award;official inviting the tender,6,Contract_Awards_PDFs/Tender_781266.pdf,1,,4,2,Project Director,Project Director (Loop Road),727849;755321;781266;848555,,
pp0115,G. M. MASUDUR RAHMAN,G M MASUDUR RAHMAN,,1,official approving the award;official inviting the tender,4,Contract_Awards_PDFs/Tender_783087.pdf,1,,3,1,Superintending Engineer,Office of the Project Director (KDA Bipone Bitan),1146762;1229751;783087,,
pp0116,MOHAMMAD MANIRUL HAQUE,MOHAMMAD MANIRUL HAQUE,,1,official approving the award;official inviting the tender,51,Contract_Awards_PDFs/Tender_789918.pdf,1,,36,15,Project Director,Purbachal New Town Project,778651;778652;778653;789917;789918;789920;789921;789948;807901;807902;807903;807938;827548;858747;870250;870251;870252;901824;902293;905028;905029;905030;905031;905032;905033;920944;920945;920946;932337;957252;957253;957254;957255;957256;975321;975322,,
pp0117,Md. Ziaul Haque,MD ZIAUL HAQUE,,1,official approving the award;official inviting the tender,3,Contract_Awards_PDFs/Tender_836225.pdf,1,,2,1,Chaiman,Office of the Chairman,836225;840860,,
pp0118,Md. Momin Uddin,MD MOMIN UDDIN,,1,official approving the award;official inviting the tender,8,Contract_Awards_PDFs/Tender_865422.pdf,1,,4,4,Director (Admin),Director (Admin),865422;865423;882631;882632,,
pp0119,PE Lakshmipur,PE LAKSHMIPUR,,1,official approving the award;official inviting the tender,2,Contract_Awards_PDFs/Tender_89768.pdf,1,,1,1,Executive Engineer,"Office of the Executive Engineer DPHE, (DPHE) Lakshmipur | Office of the Executive Engineer DPHE, Lakshmipur",89768,,
pp0120,Md. Rokanuzzaman Khan,MD ROKANUZZAMAN KHAN,,1,official approving the award,1,Contract_Awards_PDFs/Tender_95841.pdf,1,,0,1,Assistant Engineer,"Zila Parishad, Sirajganj",95841,,
pp0121,Md. Shamim,MD SHAMIM,,1,official approving the award;official inviting the tender,13,Contract_Awards_PDFs/Tender_959962.pdf,1,,12,1,Executive Engineer,Construction Division-2,1036609;1153793;1153808;1153840;1153888;515689;516211;516212;516485;748220;844951;959962,,
pp0122,Mohammad Rishad Un Nabi,MOHAMMAD RISHAD UN NABI,,1,official approving the award;official inviting the tender,2,Contract_Awards_PDFs/Tender_971720.pdf,1,,1,1,Project Director,"Office of the Project Director, CoxDA Residential Flat Project-1",971720,,
pp0123,Ahmed Mainuddin,AHMED MAINUDDIN,,1,official inviting the tender,1,Tender Notice_PDFs/CDA_Tender_1002615.pdf,1,,1,0,Executive Engineer,Project Director(Water Logging),1002615,,
pp0124,RABINDRA CHAKMA,RABINDRA CHAKMA,,1,official inviting the tender,5,Tender Notice_PDFs/CDA_Tender_1044421.pdf,1,,5,0,Secretary,Office of the Secretary,1044421;1054573;993988;993999;995096,,
pp0125,Mohammed Mahafuzur Rahman,MOHAMMED MAHAFUZUR RAHMAN,,1,official inviting the tender,6,Tender Notice_PDFs/CDA_Tender_1124277.pdf,1,,6,0,Executive Engineer,Project Director(Elevated ExpressWay),1124277;265155;469159;782755;814522;993983,,
pp0126,REOI Mohammed Mahafuzur Rahman,REOI MOHAMMED MAHAFUZUR RAHMAN,,1,official inviting the tender,1,Tender Notice_PDFs/CDA_Tender_1266322.pdf,2,,1,0,,Project Director(Elevated ExpressWay),1266322,,
pp0127,Mohammed Mahbubul Karim,MOHAMMED MAHBUBUL KARIM,,1,official inviting the tender,1,Tender Notice_PDFs/CDA_Tender_1305867.pdf,1,,1,0,Secretary,Office of the Secretary,1305867,,
pp0128,Md. Abdur Rashid,MD ABDUR RASHID,,1,official inviting the tender,1,Tender Notice_PDFs/CDA_Tender_18000.pdf,1,,1,0,Executive Engineer,Dinajpur Road Division,18000,,
pp0129,Amal Guha,AMAL GUHA,,1,official inviting the tender,2,Tender Notice_PDFs/CDA_Tender_644697.pdf,1,,2,0,Deputy Secretary,Deputy Secretary,644697;657600,,
pp0130,REOI Ripon Kumer Roy,REOI RIPON KUMER ROY,,1,official inviting the tender,1,Tender Notice_PDFs/GDA_Tender_1257174.pdf,1,,1,0,,"Office of the Chief Engineer, Gazipur Development Authority",1257174,,
pp0131,REOI Md. Mumitur Rahman,REOI MD MUMITUR RAHMAN,,1,official inviting the tender,2,Tender Notice_PDFs/GDA_Tender_1257398.pdf,1,,2,0,,"Planning Section, Gazipur Development Authority | Office of the Member,Administration and Finance Department, Gazipur Development Authority",1257398;1257431,,
pp0132,Shameem Zehad,SHAMEEM ZEHAD,,1,official inviting the tender,6,Tender Notice_PDFs/KDA_Tender_925871.pdf,1,,6,0,Superintending Engineer,Office of the Estate Director,925871;925890;926061;926062;926063;926064,,
pp0133,Md. Tanzillur Rahman,MD TANZILLUR RAHMAN,,1,official inviting the tender,1,Tender Notice_PDFs/RAJUK_Tender_1077511.pdf,1,,1,0,Director (Admin),Director (Admin),1077511,,
pp0134,Md. Abu Sayeed Khandker,MD ABU SAYEED KHANDKER,,1,official inviting the tender,1,Tender Notice_PDFs/RAJUK_Tender_1254223.pdf,1,,1,0,Superintending Engineer,Superintending Engineer (Civil Circle-1),1254223,,
pp0135,Md.Mostafa Kamal,MD MOSTAFA KAMAL,,1,official inviting the tender,13,Tender Notice_PDFs/RAJUK_Tender_214561.pdf,1,,13,0,"Chief Engineer, Project & Design",office of the Chief Engineer ( Project & Design),214561;236033;236036;236043;236045;236048;247987;248286;248317;260451;260513;260788;260843,,
pp0136,Freedom Fighter Principal Md. Bazlur,FREEDOM FIGHTER PRINCIPAL MD BAZLUR,,1,official inviting the tender,10,Tender Notice_PDFs/RDA_Tender_112012.pdf,1,,10,0,Chaiman,Office of the Chairman | Office of the Chaiman,112012;207700;284197;291722;300507;322093;322769;64165;68947;98996,,
pp0137,Sk. Kamruzzaman,SK KAMRUZZAMAN,,1,official inviting the tender,1,Tender Notice_PDFs/RDA_Tender_859008.pdf,1,,1,0,Assistant Engineer,Office of the Chairman,859008,,
