id,name,match_key,other_printed_names,printed_name_variants,roles,documents,first_document,first_page,name_read_from_interleaved_layout,notices,awards,total_contract_value_taka,project_codes_printed,procuring_entities,tender_ids
pr0001,Building Repair and Maintenance,BUILDING REPAIR AND MAINTENANCE,,1,charged an awarded contract,6,Contract_Awards_PDFs/Tender_1000267.pdf,1,,0,6,121698887.391,,Superintending Engineer (Civil Circle-3) | Office of the Chief Engineer (Implementation) | Superintending Engineer (Civil Circle-1),1000267;189828;251218;507537;514341;514343
pr0002,Development of PRANTIK Residential Area (3rd Revised),DEVELOPMENT OF PRANTIK RESIDENTIAL AREA 3RD REVISED,,1,charged an awarded contract;charged a tender notice,10,Contract_Awards_PDFs/Tender_1000426.pdf,1,,6,4,238213569.27,9320000 40,Office of the Project Director,1000426;935862;935863;941603;961984;976553
pr0003,NA,NA,,1,charged an awarded contract,237,Contract_Awards_PDFs/Tender_1000945.pdf,1,,0,237,4943984044.005997,,"Construction of multi-storied apartment Buildings on 9(Nine) nos abandoned plot at Gulshan,Mohammadpur, Lalmatia & Dhanmondi, Dhaka. | Superintending Engineer (Civil Circle-1) | Uttara Apartment Project | Superintending Engineer (Civil Circle-4) | Office of the Assistant Programmer | Office of Exen (Maintenance) | Cox's Bazar Development Authority | Construction Division-1, Chattogram Development Authority | Project Director (CDA Square) | Office of the Project Director (KDA Bus Terminal) | Project Director(M.Uddin), Chittagong Development Authority | Office of the Chairman | Office of the Project Director, CoxDA Residential Flat Project-1 | Management Information System (MIS) | Office of Chief Engineer | Grid Maintenance Division, Comilla | Office of the Executive Engineer, LGED, Barisal | office of Chief Engineer ( Project & Design) | Dinajpur O&M Division | Project Director(M.Uddin) | Office of Planning Officer | Project Director(Mohammad Hasan) | Project Director(Rajib Das) | Electrical & Mechanical Engineering (EME) | Project Director (Saltgola) | Office of the Executive Engineer (Works) | Construction Division-3 | Director (Admin) | Project Director (Dewanhat) | Office of the Project Director (KDA Bipone Bitan) | Superintending Engineer-2 | Project Director(CRBKRKBC) | Zila Parishad, Sirajganj",1000945;1001120;1001613;1003623;1007300;1009276;1010247;1013009;1016323;1016492;1016870;1023051;1023052;1023053;1023054;1023057;1023060;1023061;1023333;1024374;1024391;1024467;1024517;1024525;1024787;1024807;1024943;1024948;1028832;1037582;1039767;1062494;1072723;1076521;1082896;1094618;1117569;1119438;1121584;1123494;1128572;1138415;1140112;1140113;1142188;1148941;1150077;1150442;1150459;1150469;1152584;1152671;1152766;1157085;1160337;1163187;1163354;1172101;1172974;1173101;1173102;1173557;1178437;1183753;1183822;1183835;1184463;1184466;1184470;1185193;1199127;1207915;1211856;1231413;1234511;1258384;1267626;149365;15000;168749;179865;18994;20558;234888;235131;235166;262818;276338;276885;291722;302667;303865;309557;342502;360423;387658;398199;409461;410561;417304;418364;423315;424168;427246;436738;446283;448675;459665;471795;501707;504349;504351;514221;515366;519402;523954;528460;539744;550266;550267;561734;595725;597090;598954;608964;609656;614373;614376;615021;616340;620619;629331;631780;637086;637169;639927;640368;644083;647622;653051;658227;661661;661888;663428;663429;667218;669151;669414;670154;671805;672061;681465;683811;684610;688763;688794;690870;695670;699109;699111;699961;710843;713622;727612;728690;728691;728692;728810;730799;732686;733637;737121;747837;770669;773275;775307;775518;780102;781011;783087;791688;808097;815786;824096;826146;827087;836225;836329;840372;842165;851863;851864;851865;857646;860503;865422;865423;865569;867256;879523;882631;882632;889938;909179;909196;916128;918775;925146;925988;935064;935084;935090;935093;937128;943936;944366;945416;945875;949817;949919;950811;951146;957875;95841;959288;960601;962656;962658;962659;963987;965239;966347;971832;971997;974362;978265;984794
pr0004,Repair Maintenance of Heavy Machinery & Equipment,REPAIR MAINTENANCE OF HEAVY MACHINERY EQUIPMENT,,1,charged an awarded contract;charged a tender notice,51,Contract_Awards_PDFs/Tender_1001460.pdf,1,,34,17,18466882.595,Xen/Mechanical-1/Repair & Maintenance,Office of the Superintending Engineer (Mechanical) | office of the Chief Engineer ( Project & Design),1001460;1001461;101974;1031801;1059690;1109349;1167810;1240321;1240322;1240323;1250614;1294288;134910;134917;144571;214561;236033;236036;236043;236045;236048;329551;329552;329553;329556;72156;747343;755479;756104;887587;887588;887589;938968;938969
pr0005,"Construction of CDA Square at Nasirabad, Chittagong",CONSTRUCTION OF CDA SQUARE AT NASIRABAD CHITTAGONG,,1,charged an awarded contract;charged a tender notice,21,Contract_Awards_PDFs/Tender_1001782.pdf,1,,12,9,838460242.862,CDA Square-02,Project Director (CDA Square),1001782;1001843;133881;223246;862601;862635;863109;863116;909193;909308;944909;954661
pr0006,Lift and Electrical Equipement Repare,LIFT AND ELECTRICAL EQUIPEMENT REPARE,,1,charged an awarded contract,7,Contract_Awards_PDFs/Tender_1002814.pdf,1,,0,7,14003104.944,,Office of the Superintending Engineer (Electrical),1002814;1002854;1081271;1083479;536846;888828;948446
pr0007,Widening and Improvement of Silimpur Residential Area (East),WIDENING AND IMPROVEMENT OF SILIMPUR RESIDENTIAL AREA EAST,,1,charged an awarded contract;charged a tender notice,8,Contract_Awards_PDFs/Tender_100483.pdf,1,,4,4,89959729.932,SRA,Project Director(Silimpur),100483;200650;201012;201451
pr0008,Construction of Staff Quarter for officer/employees,CONSTRUCTION OF STAFF QUARTER FOR OFFICER EMPLOYEES,,1,charged an awarded contract;charged a tender notice,4,Contract_Awards_PDFs/Tender_1008472.pdf,1,,2,2,7170739.2,RAJUK/Staff/BC-01,Office of the Superintending Engineer (Electrical),1008472;1147755
pr0009,Purbachal New town Project,PURBACHAL NEW TOWN PROJECT,,1,charged an awarded contract;charged a tender notice,189,Contract_Awards_PDFs/Tender_1008542.pdf,1,,127,62,2932810569.655002,5-3205-3111-PURBACHAL,Purbachal New Town Project | Office of the Chief Engineer (Implementation) | office of the Chief Engineer ( Project & Design),1008542;1008543;1008544;1008545;1008546;1008547;1008548;1011370;1011371;1060890;1060891;1060892;1060893;1060894;1060895;1066944;1066945;1066946;1069558;1069559;1069560;1069561;1069562;1069563;1069564;1071058;1071059;113428;119629;146443;146449;202993;209496;209498;209938;209939;251224;251227;292111;293000;293004;293018;301503;301505;320832;339042;339493;339496;427820;427825;427828;427832;427834;427848;427851;427855;427858;427861;427863;466081;466089;466094;466100;466105;466107;466108;466109;505037;528756;528758;535709;535710;535712;535717;535718;535719;590668;601508;601511;601512;601514;601516;601518;601519;601520;616291;616292;616293;616294;632736;632746;632748;632749;639731;639732;72113;72139;778651;778652;778653;789917;789918;789920;789921;789948;807901;807902;807903;807938;827548;858747;870250;870251;870252;901824;902293;920944;920945;920946;932337;957252;957253;957254;957255;957256;975321;975322
pr0010,Widening and Improvement of DC Road,WIDENING AND IMPROVEMENT OF DC ROAD,,1,charged an awarded contract;charged a tender notice,2,Contract_Awards_PDFs/Tender_101083.pdf,1,,1,1,3963689.307,5015,Project Director(DC Road),101083
pr0011,Construction of different types of Buildings/Roads/Infrastructure under RAJUK Jurisdiction,CONSTRUCTION OF DIFFERENT TYPES OF BUILDINGS ROADS INFRASTRUCTURE UNDER RAJUK JURISDICTION,,1,charged an awarded contract;charged a tender notice,21,Contract_Awards_PDFs/Tender_1013268.pdf,1,,11,10,279070312.869,REV/CP/BR-24,Superintending Engineer (Civil Circle-4),1013268;1013269;1013270;1082525;870258;870259;870260;870261;889937;948745;948746
pr0012,"Instalation of CCTV, Solar, PABX",INSTALATION OF CCTV SOLAR PABX,,1,charged an awarded contract;charged a tender notice,16,Contract_Awards_PDFs/Tender_1014738.pdf,1,,11,5,24407989.891,RAJUK/REV/CCTV,Office of the Superintending Engineer (Electrical) | office of the Chief Engineer ( Project & Design),1014738;1038890;1074002;1074022;1097226;1189629;1222799;1234620;199377;980158;989834
pr0013,Festival/event/contribution,FESTIVAL EVENT CONTRIBUTION,,1,charged an awarded contract;charged a tender notice,6,Contract_Awards_PDFs/Tender_1030720.pdf,1,,3,3,6802471.206,festival,Office of the Superintending Engineer (Electrical),1030720;891746;948435
pr0014,Construction of Zonal office,CONSTRUCTION OF ZONAL OFFICE,,1,charged an awarded contract;charged a tender notice,3,Contract_Awards_PDFs/Tender_1031714.pdf,1,,2,1,2899000.176,RAJUK/Zonal/BC-01,Office of the Superintending Engineer (Electrical),1031711;1031714
pr0015,Procurement of Heavy Machinary and Equipment,PROCUREMENT OF HEAVY MACHINARY AND EQUIPMENT,,1,charged an awarded contract;charged a tender notice,9,Contract_Awards_PDFs/Tender_1031800.pdf,1,,5,4,160973000.259,0040,Office of the Superintending Engineer (Mechanical),1031800;1056195;1062628;1109365;1134396
pr0016,Commmercial Complex Construction in various Places of RAJUK,COMMMERCIAL COMPLEX CONSTRUCTION IN VARIOUS PLACES OF RAJUK,,1,charged an awarded contract;charged a tender notice,2,Contract_Awards_PDFs/Tender_1035179.pdf,1,,1,1,41746974.102,secc3-1,Superintending Engineer (Civil Circle-3),1035179
pr0017,Development of Residential and Commercial Infrastructure at Jhilmil Residential Project Area.,DEVELOPMENT OF RESIDENTIAL AND COMMERCIAL INFRASTRUCTURE AT JHILMIL RESIDENTIAL PROJECT AREA,,1,charged an awarded contract;charged a tender notice,56,Contract_Awards_PDFs/Tender_1044320.pdf,1,,39,17,1305864505.845,157,Development of Residential and commercial Infrastructure at Jhilmil Residential Project Area | Office of the Chief Engineer (Implementation),1044320;1058290;1058291;1058292;1058293;1060377;1060378;1060379;1060380;1060381;1207633;1207634;1207635;1207636;1207637;1266470;172775;476403;476405;476406;476407;476408;753302;753303;753305;753306;753307;753308;753309;753310;753311;753312;905912;905913;905914;905915;905916;926607;948434
pr0018,Building Repair & Maintenance,BUILDING REPAIR MAINTENANCE,,1,charged an awarded contract;charged a tender notice,26,Contract_Awards_PDFs/Tender_1074661.pdf,1,,15,11,31626138.55,Xen/Electrical-1/Repair & Maintenance,Office of the Superintending Engineer (Electrical) | office of the Chief Engineer ( Project & Design),1013104;1074661;1097756;1205162;141649;72166;755274;936176;936225;936227;969822;980083;980096;980099;989883
pr0019,Purchase of Furniture,PURCHASE OF FURNITURE,,1,charged an awarded contract;charged a tender notice,6,Contract_Awards_PDFs/Tender_1077063.pdf,1,,4,2,4970760.118,RAJUK/MECH/Furniture,Office of the Superintending Engineer (Mechanical),1014223;1077063;1154317;1205116
pr0020,Construction and repair of different types of Buildings/Roads/Infrastructure under RAJUK Jurisdiction,CONSTRUCTION AND REPAIR OF DIFFERENT TYPES OF BUILDINGS ROADS INFRASTRUCTURE UNDER RAJUK JURISDICTION,,1,charged an awarded contract;charged a tender notice,13,Contract_Awards_PDFs/Tender_1081213.pdf,1,,8,5,128846169.27,Exen/Elec/Repair-01,Superintending Engineer (Civil Circle-4) | Office of the Superintending Engineer (Electrical),1016865;1016866;1016867;1081213;1082494;1082495;1082496;828053
pr0021,"Computer, Office Accessiories and Parts Purchage.",COMPUTER OFFICE ACCESSIORIES AND PARTS PURCHAGE,,1,charged an awarded contract;charged a tender notice,18,Contract_Awards_PDFs/Tender_1083760.pdf,1,,11,7,52554571.509,RJK/Elec/Com and Asse.,Office of the Superintending Engineer (Electrical) | office of the Chief Engineer ( Project & Design),1083760;1215675;1215677;360496;825783;832064;948448;969481;969489;989865;998795
pr0022,"Construction of Flyover at Muradpur, 2 No. Gate, GEC Junction",CONSTRUCTION OF FLYOVER AT MURADPUR 2 NO GATE GEC JUNCTION,"Construction of Flyover at Muradpur, 2 No. Gate, GEC Junction .",2,charged an awarded contract;charged a tender notice,8,Contract_Awards_PDFs/Tender_108836.pdf,1,,4,4,146108252.563,E-5797;mflyover-7260,Project Director (Muradpur Flyover),108836;189939;189944;215555
pr0023,Printing and stationery,PRINTING AND STATIONERY,,1,charged an awarded contract;charged a tender notice,4,Contract_Awards_PDFs/Tender_1096839.pdf,1,,2,2,7735436.5,RAJUK/admin/Print,Director (Admin),1096839;1096909
pr0024,"Construction of Dormitory for Working Women and Commercial Building at Salttgola, Chittagong",CONSTRUCTION OF DORMITORY FOR WORKING WOMEN AND COMMERCIAL BUILDING AT SALTTGOLA CHITTAGONG,,1,charged an awarded contract;charged a tender notice,3,Contract_Awards_PDFs/Tender_110297.pdf,1,,2,1,495240760.339,N/A,Project Director (Saltgola),110297;99744
pr0025,Important Rural Infrastructures Development Project on Priority Basis-2,IMPORTANT RURAL INFRASTRUCTURES DEVELOPMENT PROJECT ON PRIORITY BASIS 2,,1,charged an awarded contract;charged a tender notice,2,Contract_Awards_PDFs/Tender_111480.pdf,1,,1,1,3560581.224,5-3731-5143,"Office of the Executive Engineer, LGED, Department (LGED) Satkhira | Office of the Executive Engineer, LGED, Satkhira",111480
pr0026,Construction of Connecting Road From Natore Road (RUET) To Rajshahi By-Pass Road (1st Revised),CONSTRUCTION OF CONNECTING ROAD FROM NATORE ROAD RUET TO RAJSHAHI BY PASS ROAD 1ST REVISED,,1,charged an awarded contract;charged a tender notice,2,Contract_Awards_PDFs/Tender_112012.pdf,1,,1,1,899353315.989,5014,Office of the Chairman,112012
pr0027,Other equipment and accessories,OTHER EQUIPMENT AND ACCESSORIES,,1,charged an awarded contract;charged a tender notice,5,Contract_Awards_PDFs/Tender_1135936.pdf,1,,4,1,4522500,RAJUK/ELEC/Other equipment,Office of the Superintending Engineer (Electrical),1135936;1234622;1262415;1262416
pr0028,Service Maintenance and related works of Hatirjheel,SERVICE MAINTENANCE AND RELATED WORKS OF HATIRJHEEL,,1,charged an awarded contract;charged a tender notice,10,Contract_Awards_PDFs/Tender_1140010.pdf,1,,8,2,7013879.1,Hatirjheel/ME/21-22,Office of the Superintending Engineer (Mechanical),1056194;1134392;1140010;1140011;1297773;722613;722614;854205
pr0029,CDA Mehedibag Staff Quarter,CDA MEHEDIBAG STAFF QUARTER,,1,charged an awarded contract;charged a tender notice,2,Contract_Awards_PDFs/Tender_114570.pdf,1,,1,1,4197894.516,MSQ-31&33,Project Director (MehedibagSQ),114570
pr0030,Electrical accessories repair,ELECTRICAL ACCESSORIES REPAIR,,1,charged an awarded contract;charged a tender notice,4,Contract_Awards_PDFs/Tender_1146506.pdf,1,,2,2,3676426.2,RAJUK/elec/accessories-1,Office of the Superintending Engineer (Electrical),1146506;1205153
pr0031,"Internet, LAN, WAN connection repair and maintenance",INTERNET LAN WAN CONNECTION REPAIR AND MAINTENANCE,,1,charged an awarded contract;charged a tender notice,4,Contract_Awards_PDFs/Tender_1146509.pdf,1,,2,2,2610945,RAJUK/elec/internet & LAN,Office of the Superintending Engineer (Electrical),1146509;1146510
pr0032,Equipment accessories repair,EQUIPMENT ACCESSORIES REPAIR,,1,charged an awarded contract;charged a tender notice,4,Contract_Awards_PDFs/Tender_1146511.pdf,1,,2,2,2293857.2,RAJUK/Elec/equipment accessories,Office of the Superintending Engineer (Electrical),1146511;1272697
pr0033,Master Plan Preparation for Cox's Bazar District,MASTER PLAN PREPARATION FOR COX S BAZAR DISTRICT,,1,charged an awarded contract;charged a tender notice,26,Contract_Awards_PDFs/Tender_1163081.pdf,1,,13,13,58909283.541,222012300,CoxDA Master Plan,1163081;1272190;1273100;834339;835443;835607;835662;835847;837643;837644;975403;976291;976770
pr0034,Maintenance and related works of Hatirjheel,MAINTENANCE AND RELATED WORKS OF HATIRJHEEL,,1,charged an awarded contract;charged a tender notice,10,Contract_Awards_PDFs/Tender_1186178.pdf,1,,7,3,16653275.921,Hatirjheel/elec/01-2021-22,Office of the Superintending Engineer (Electrical),1030829;1186178;1186179;685799;685873;685885;704165
pr0035,Uttara Residential Model Town (3rd Phase),UTTARA RESIDENTIAL MODEL TOWN 3RD PHASE,,1,charged an awarded contract;charged a tender notice,67,Contract_Awards_PDFs/Tender_119326.pdf,1,,39,28,815710722.177,5-3205-3111-UMT,Office of the Chief Engineer (Implementation) | office of the Chief Engineer ( Project & Design) | Uttara 3rd Phase Project,119326;119498;119500;119545;125872;125873;125874;125877;174700;174705;174709;174710;174712;174714;174717;174720;190232;199368;431687;431689;431690;431692;431697;431699;431701;431702;431704;431706;431707;431708;595833;615572;647342;647346;647351;647356;647359;647361;85344
pr0036,Lift and Electrical Equipment Repair,LIFT AND ELECTRICAL EQUIPMENT REPAIR,,1,charged an awarded contract;charged a tender notice,5,Contract_Awards_PDFs/Tender_119636.pdf,1,,4,1,1380218.4,Xen/Electrical/Repair and maintenance,office of the Chief Engineer ( Project & Design),119636;198861;199363;199364
pr0037,Lift Repair,LIFT REPAIR,,1,charged an awarded contract;charged a tender notice,4,Contract_Awards_PDFs/Tender_1205154.pdf,1,,3,1,405716.087,RAJUK/ELEC/Lift Repair,Office of the Superintending Engineer (Electrical),1205154;1206004;1232699
pr0038,"Print, Binding and Stationery accessories",PRINT BINDING AND STATIONERY ACCESSORIES,,1,charged an awarded contract;charged a tender notice,2,Contract_Awards_PDFs/Tender_1205157.pdf,1,,1,1,5177345,RAJUK/ELEC/Print,Office of the Superintending Engineer (Electrical),1205157
pr0039,Gulshan-Banani-Baridhara Lake Development,GULSHAN BANANI BARIDHARA LAKE DEVELOPMENT,,1,charged an awarded contract;charged a tender notice,9,Contract_Awards_PDFs/Tender_1225895.pdf,1,,6,3,178968801.417,8080,Office of the Chief Engineer (Implementation) | Gulshan-Banani-Baridhara Lake Development Project,114054;1170765;1170766;1225895;1225896;151177
pr0040,Construction of KDA Rest House at Khulna,CONSTRUCTION OF KDA REST HOUSE AT KHULNA,,1,charged an awarded contract;charged a tender notice,2,Contract_Awards_PDFs/Tender_124055.pdf,1,,1,1,52530500.002,25.030.014.02.00.014.2011/193,Office of the Project Director (KDA Rest House Project-Khulna),124055
pr0041,Uttara Apment Project,UTTARA APMENT PROJECT,,1,charged an awarded contract,38,Contract_Awards_PDFs/Tender_125042.pdf,1,,0,38,1650232887.952,,office of the Chief Engineer ( Project & Design) | Office of the Chief Engineer (Implementation) | Uttara Apartment Project,125042;125294;146376;146377;146380;146381;149105;149115;149117;149118;174670;174671;174673;174674;174677;174678;174680;198193;199891;209736;236241;236242;248616;248617;248618;248619;248621;248622;248623;248625;248630;248631;248633;501956;79395;80585;80586;98112
pr0042,Road construction survey project mentioned in DAP in the area under the jurisdiction of Gazipur Development Authority.,ROAD CONSTRUCTION SURVEY PROJECT MENTIONED IN DAP IN THE AREA UNDER THE JURISDICTION OF GAZIPUR DEVELOPMENT AUTHORITY,,1,charged an awarded contract;charged a tender notice,8,Contract_Awards_PDFs/Tender_1251756.pdf,1,,5,3,4660164,gda-dev-2025-2026-2,"Office of the Chief Engineer, Gazipur Development Authority",1251658;1251756;1251766;1257174;1261854
pr0043,"Feasibility study project for the planned housing development in Gazipur district, comprising three projects over an area of more than 200 acres and eight projects within 20 acres.",FEASIBILITY STUDY PROJECT FOR THE PLANNED HOUSING DEVELOPMENT IN GAZIPUR DISTRICT COMPRISING THREE PROJECTS OVER AN AREA OF MORE THAN 200 ACRES AND EIGHT PROJECTS WITHIN 20 ACRES,,1,charged an awarded contract;charged a tender notice,7,Contract_Awards_PDFs/Tender_1253316.pdf,1,,5,2,2884032,gda-dev-2025-2026-3,"Planning Section, Gazipur Development Authority",1253316;1253318;1253320;1257398;1261983
pr0044,"Study project titled ""Feasibility of research through surveys, surveys, and random sampling on low-income housing""",STUDY PROJECT TITLED FEASIBILITY OF RESEARCH THROUGH SURVEYS SURVEYS AND RANDOM SAMPLING ON LOW INCOME HOUSING,,1,charged an awarded contract;charged a tender notice,7,Contract_Awards_PDFs/Tender_1253428.pdf,1,,5,2,2075880.25,gda-dev-2025-2026-1,"Office of the Member,Administration and Finance Department, Gazipur Development Authority",1253425;1253427;1253428;1257431;1262256
pr0045,yearly works/goods supply/physical services with rev budget.,YEARLY WORKS GOODS SUPPLY PHYSICAL SERVICES WITH REV BUDGET,,1,charged an awarded contract;charged a tender notice,2,Contract_Awards_PDFs/Tender_1257073.pdf,1,,1,1,305100,gda-rev-2025-2026,"Admin and Finance Section, Gazipur Development Authority",1257073
pr0046,Greater Pabna & Bogra District Rural Infrastructures Development Project,GREATER PABNA BOGRA DISTRICT RURAL INFRASTRUCTURES DEVELOPMENT PROJECT,,1,charged an awarded contract;charged a tender notice,2,Contract_Awards_PDFs/Tender_159826.pdf,1,,1,1,2575159.201,5-3731-5152,"Office of the Executive Engineer, LGED, Department (LGED) Pabna | Office of the Executive Engineer, LGED, Pabna",159826
pr0047,Residents for Rajuk Officer and Staff,RESIDENTS FOR RAJUK OFFICER AND STAFF,,1,charged an awarded contract,2,Contract_Awards_PDFs/Tender_162060.pdf,1,,0,2,41662388.7,,office of the Chief Engineer ( Project & Design),162060;162590
pr0048,Urban Resilience Project-RAJUK Part,URBAN RESILIENCE PROJECT RAJUK PART,,1,charged an awarded contract;charged a tender notice,22,Contract_Awards_PDFs/Tender_164878.pdf,1,,13,9,133218515.387,5-3205-5025,"Office of the Project Director, Urban Resilience Project-RAJUK Part,RAJUK,Dhaka",164878;174037;178196;199942;237820;376977;389133;427350;437635;475789;475801;494177;564502
pr0049,"Computer, Office Accessories & Equipment Procurement",COMPUTER OFFICE ACCESSORIES EQUIPMENT PROCUREMENT,,1,charged an awarded contract;charged a tender notice,4,Contract_Awards_PDFs/Tender_169223.pdf,1,,3,1,1430370.835,Xen/Electrical-1/computer,office of the Chief Engineer ( Project & Design),169223;89904;89908
pr0050,Integrated Development of Hatirjheel Area including Begunbari Khal.,INTEGRATED DEVELOPMENT OF HATIRJHEEL AREA INCLUDING BEGUNBARI KHAL,,1,charged an awarded contract;charged a tender notice,7,Contract_Awards_PDFs/Tender_171570.pdf,1,,5,2,28183196.7,8050,office of the Chief Engineer ( Project & Design) | Office of the Chief Engineer (Implementation),119632;171570;86290;89828;98617
pr0051,"Supply of Computer Accessories (Battery for APC 20 KV Online UPS, Harddisk for Dell Server & Air Conditioner for Power Station Room & Server Room) for CDA.",SUPPLY OF COMPUTER ACCESSORIES BATTERY FOR APC 20 KV ONLINE UPS HARDDISK FOR DELL SERVER AIR CONDITIONER FOR POWER STATION ROOM SERVER ROOM FOR CDA,,1,charged an awarded contract;charged a tender notice,2,Contract_Awards_PDFs/Tender_192714.pdf,1,,1,1,1480801.073,Bat-svr-ac-84,Management Information System (MIS),192714
pr0052,Development of BARNOI Residential Area(2nd Revised).,DEVELOPMENT OF BARNOI RESIDENTIAL AREA 2ND REVISED,,1,charged an awarded contract;charged a tender notice,2,Contract_Awards_PDFs/Tender_207700.pdf,1,,1,1,100985213.7,3205,Office of the Chairman,207700
pr0053,"Maintenance, Renovation & Ancillary work of CDA Banani Rest House at Dhaka",MAINTENANCE RENOVATION ANCILLARY WORK OF CDA BANANI REST HOUSE AT DHAKA,,1,charged an awarded contract;charged a tender notice,3,Contract_Awards_PDFs/Tender_212401.pdf,1,,2,1,7370590.5,CDA Dhaka Resthouse,Project Division,178554;212401
pr0054,Uttara Resedential Area 1st and 2nd Phase,UTTARA RESEDENTIAL AREA 1ST AND 2ND PHASE,,1,charged an awarded contract;charged a tender notice,5,Contract_Awards_PDFs/Tender_214247.pdf,1,,3,2,8346498.3,UTR1&2,Office of the Chief Engineer (Implementation),122105;214247;214275
pr0055,Maintanance of Office Equipement and Accessories,MAINTANANCE OF OFFICE EQUIPEMENT AND ACCESSORIES,,1,charged an awarded contract;charged a tender notice,13,Contract_Awards_PDFs/Tender_260451.pdf,1,,8,5,3577713.126,RJK/ELEC/Maintanance,office of the Chief Engineer ( Project & Design) | Office of the Superintending Engineer (Electrical),260451;260513;480539;506934;536842;583276;622637;706666
pr0056,"Rehabilitation and Physical Development of Laldighi, Goldighi and Bazar Ghata Pond at Coxâ??s Bazar Sadar Thana under CoxDA",REHABILITATION AND PHYSICAL DEVELOPMENT OF LALDIGHI GOLDIGHI AND BAZAR GHATA POND AT COX S BAZAR SADAR THANA UNDER COXDA,,1,charged an awarded contract;charged a tender notice,6,Contract_Awards_PDFs/Tender_270190.pdf,1,,3,3,424340337.798,2242408,Cox's Bazar Development Authority,270190;270651;282186
pr0057,printing and text content,PRINTING AND TEXT CONTENT,,1,charged an awarded contract;charged a tender notice,3,Contract_Awards_PDFs/Tender_276518.pdf,1,,2,1,1588977.57,admin,office of the Chief Engineer ( Project & Design),276518;96142
pr0058,Development of Ahsanabad residential area,DEVELOPMENT OF AHSANABAD RESIDENTIAL AREA,,1,charged an awarded contract;charged a tender notice,18,Contract_Awards_PDFs/Tender_277364.pdf,1,,12,6,573096613.825,007021,Office of Chief Engineer,277364;277365;277366;277367;277368;277369;292378;292379;326787;326788;366041;366087
pr0059,Revision of Functional Master Plan and Detailed Area Plan to make Rajshahi Metropolitan Development Plan (RMDP) Disaster Risk Sensitive.,REVISION OF FUNCTIONAL MASTER PLAN AND DETAILED AREA PLAN TO MAKE RAJSHAHI METROPOLITAN DEVELOPMENT PLAN RMDP DISASTER RISK SENSITIVE,,1,charged an awarded contract;charged a tender notice,16,Contract_Awards_PDFs/Tender_284197.pdf,1,,12,4,24511920.021,5006,Office of the Chairman,284197;300507;322093;322769;558181;591949;627115;627116;638918;638921;680144;699958
pr0060,Constraction of appt/Flat in Own Land of RAJUK (Gulshan),CONSTRACTION OF APPT FLAT IN OWN LAND OF RAJUK GULSHAN,,1,charged an awarded contract;charged a tender notice,2,Contract_Awards_PDFs/Tender_294388.pdf,1,,1,1,430185.6,RAJUK/Oth/Dev/GUL/Flat,office of the Chief Engineer ( Project & Design),294388
pr0061,"Computer, Office Accessories amd Equipement",COMPUTER OFFICE ACCESSORIES AMD EQUIPEMENT,,1,charged an awarded contract;charged a tender notice,2,Contract_Awards_PDFs/Tender_294444.pdf,1,,1,1,499900.002,RAJUK/ELEC1/COMPUTER,office of the Chief Engineer ( Project & Design),294444
pr0062,"Construction of Multistoried Appartment Building on 09 (Nine) nos. Abandoned plot at Gulshan, Mohammadpur, Lalmatia and Dhanmondi , Dhaka.",CONSTRUCTION OF MULTISTORIED APPARTMENT BUILDING ON 09 NINE NOS ABANDONED PLOT AT GULSHAN MOHAMMADPUR LALMATIA AND DHANMONDI DHAKA,,1,charged an awarded contract;charged a tender notice,30,Contract_Awards_PDFs/Tender_311188.pdf,1,,17,13,1041876273.121,PD_9 Apt. Project,"Office of the Chief Engineer (Implementation) | Construction of multi-storied apartment Buildings on 9(Nine) nos abandoned plot at Gulshan,Mohammadpur, Lalmatia & Dhanmondi, Dhaka.",311188;312476;312478;312479;322658;446869;447380;479604;583663;583666;590111;591292;591374;591591;591741;592175;592354
pr0063,"Celevration of Special Day, illumination of Building and Fair Related Expenditure.",CELEVRATION OF SPECIAL DAY ILLUMINATION OF BUILDING AND FAIR RELATED EXPENDITURE,,1,charged an awarded contract;charged a tender notice,3,Contract_Awards_PDFs/Tender_316510.pdf,1,,2,1,570000,rajuk/elec/revenue(3),office of the Chief Engineer ( Project & Design),174034;316510
pr0064,Construction of 3 (Three) Link Roads Connecting Satkhira Road and City Bypass Road.,CONSTRUCTION OF 3 THREE LINK ROADS CONNECTING SATKHIRA ROAD AND CITY BYPASS ROAD,,1,charged an awarded contract;charged a tender notice,14,Contract_Awards_PDFs/Tender_317182.pdf,1,,8,6,2494708632.928,224280000,Office of Planning Officer | Office of the Project Director (3Link Road),317182;317767;317768;868640;932066;941420;975516;991635
pr0065,"Sepcial Day Celebration,Building Lighting and fair related Expences,Fastival and Contrivution.",SEPCIAL DAY CELEBRATION BUILDING LIGHTING AND FAIR RELATED EXPENCES FASTIVAL AND CONTRIVUTION,,1,charged an awarded contract;charged a tender notice,4,Contract_Awards_PDFs/Tender_376450.pdf,1,,2,2,2144608.368,RJK-OTHExpenditures,office of the Chief Engineer ( Project & Design) | Office of the Superintending Engineer (Electrical),376450;622586
pr0066,Construction of the Father of the Nation Bangabandhu Sheikh Mujibur Rahman Square at Talaimary Chattar.,CONSTRUCTION OF THE FATHER OF THE NATION BANGABANDHU SHEIKH MUJIBUR RAHMAN SQUARE AT TALAIMARY CHATTAR,,1,charged an awarded contract;charged a tender notice,4,Contract_Awards_PDFs/Tender_383988.pdf,1,,2,2,300375246.44,224145400,Office of the Chairman,383988;703479
pr0067,Development of Union Connecting Road & Infrastructure: Greater Chittagong (Chittagong & Cox's Bazar District),DEVELOPMENT OF UNION CONNECTING ROAD INFRASTRUCTURE GREATER CHITTAGONG CHITTAGONG COX S BAZAR DISTRICT,,1,charged an awarded contract;charged a tender notice,2,Contract_Awards_PDFs/Tender_42800.pdf,1,,1,1,3923174.101,8121,"Office of the Executive Engineer, LGED, Department (LGED) Chittagong | Office of the Executive Engineer, LGED, Chittagong",42800
pr0068,Holiday More-Bazarghata-Larpara (Bus Stand) Main Road Re-Construction and Widening Project of Coxs Bazar District,HOLIDAY MORE BAZARGHATA LARPARA BUS STAND MAIN ROAD RE CONSTRUCTION AND WIDENING PROJECT OF COXS BAZAR DISTRICT,,1,charged an awarded contract;charged a tender notice,22,Contract_Awards_PDFs/Tender_448324.pdf,1,,12,10,2173394570.322,224297500,Cox's Bazar Development Authority,448324;448434;461085;461209;509251;549299;549431;617410;617449;617807;618898;647467
pr0069,Draperies and Liveries,DRAPERIES AND LIVERIES,,1,charged an awarded contract;charged a tender notice,2,Contract_Awards_PDFs/Tender_510186.pdf,1,,1,1,1437851.259,3111315,Superintending Engineer (Civil Circle-1),510186
pr0070,Construction and Reservation of Park/Play ground in different places of Dhaka Mega City,CONSTRUCTION AND RESERVATION OF PARK PLAY GROUND IN DIFFERENT PLACES OF DHAKA MEGA CITY,,1,charged an awarded contract;charged a tender notice,2,Contract_Awards_PDFs/Tender_517916.pdf,1,,1,1,4270323.6,13-6414-0116,Office of the Superintending Engineer (Electrical),517916
pr0071,Chattogram City Outer Ring Road (Patenga to Sagorika),CHATTOGRAM CITY OUTER RING ROAD PATENGA TO SAGORIKA,,1,charged an awarded contract;charged a tender notice,6,Contract_Awards_PDFs/Tender_538256.pdf,1,,4,2,1121704754.817,224028100,Project Director (CCORRP),538256;867632;917088;917456
pr0072,Construction of Multi Storied Office Building of Cox's Bazar Development Authority (CoxDA),CONSTRUCTION OF MULTI STORIED OFFICE BUILDING OF COX S BAZAR DEVELOPMENT AUTHORITY COXDA,,1,charged an awarded contract;charged a tender notice,10,Contract_Awards_PDFs/Tender_548292.pdf,1,,6,4,71693919.34,224217700,Cox's Bazar Development Authority,547875;548292;548589;549164;563563;577378
pr0073,Widening and Improvement of Khulna Shipyard Road.,WIDENING AND IMPROVEMENT OF KHULNA SHIPYARD ROAD,,1,charged an awarded contract;charged a tender notice,5,Contract_Awards_PDFs/Tender_581310.pdf,1,,4,1,1434577898.254,007093,Office of Exen (works),1142890;1265434;502973;581310
pr0074,Construction work of Access Road from Sirajuddoula Road to Shah amanat Bridge Connecting road(Bakalia Acccess),CONSTRUCTION WORK OF ACCESS ROAD FROM SIRAJUDDOULA ROAD TO SHAH AMANAT BRIDGE CONNECTING ROAD BAKALIA ACCCESS,,1,charged an awarded contract;charged a tender notice,6,Contract_Awards_PDFs/Tender_596661.pdf,1,,3,3,210108374.778,13201-01-224029800,"Project Director(KK Newaz), Chittagong Development Authority",596661;735107;736874
pr0075,Electro_Mechanical Equipment Purchage,ELECTRO MECHANICAL EQUIPMENT PURCHAGE,,1,charged an awarded contract;charged a tender notice,6,Contract_Awards_PDFs/Tender_622539.pdf,1,,4,2,14483217.49,RJK_ELEC_10,Office of the Superintending Engineer (Electrical),1022432;1265185;622539;969450
pr0076,Extention of Banalata Commercial Area and Development of Residential Area,EXTENTION OF BANALATA COMMERCIAL AREA AND DEVELOPMENT OF RESIDENTIAL AREA,,1,charged an awarded contract;charged a tender notice,3,Contract_Awards_PDFs/Tender_64165.pdf,1,,2,1,4187780.121,3117,Office of the Chaiman | Office of the Chairman,64165;68947
pr0077,Repare and Maintenance of verious structure/Road in the area under Rajuk.,REPARE AND MAINTENANCE OF VERIOUS STRUCTURE ROAD IN THE AREA UNDER RAJUK,,1,charged an awarded contract;charged a tender notice,2,Contract_Awards_PDFs/Tender_667693.pdf,1,,1,1,25972842.87,UTR2/Road Constraction,Gulshan-Banani-Baridhara Lake Development Project,667693
pr0078,Preparation of Chattogram Metropolitan Master Plan (2020-2041),PREPARATION OF CHATTOGRAM METROPOLITAN MASTER PLAN 2020 2041,,1,charged an awarded contract;charged a tender notice,7,Contract_Awards_PDFs/Tender_670297.pdf,1,,5,2,11514499.783,1320101224311100,Project Director (Master Plan),1287229;655654;670297;733123;745109
pr0079,Uttara Lake Development Project,UTTARA LAKE DEVELOPMENT PROJECT,,1,charged an awarded contract;charged a tender notice,4,Contract_Awards_PDFs/Tender_752801.pdf,1,,2,2,579185877.978,5020,Uttara Lake Development Project | Office of the Chief Engineer (Implementation),752801;89106
pr0080,Construction of Road along the bank of Karnafully River from Kalurghat Bridge to Chaktai khal.,CONSTRUCTION OF ROAD ALONG THE BANK OF KARNAFULLY RIVER FROM KALURGHAT BRIDGE TO CHAKTAI KHAL,,1,charged an awarded contract;charged a tender notice,2,Contract_Awards_PDFs/Tender_775105.pdf,1,,1,1,8812446857.066,224145200,Project Director(Rajib Das),775105
pr0081,Construction of Link Road from Dhaka Trunk Road to Baizid Boastami Road including Loop Road at the outer periphery of AUW,CONSTRUCTION OF LINK ROAD FROM DHAKA TRUNK ROAD TO BAIZID BOASTAMI ROAD INCLUDING LOOP ROAD AT THE OUTER PERIPHERY OF AUW,,1,charged an awarded contract;charged a tender notice,6,Contract_Awards_PDFs/Tender_781266.pdf,1,,4,2,842929183.64,224027400,Project Director (Loop Road),727849;755321;781266;848555
pr0082,"The Father of the Nation Bangabandu Sheikh Mujibur Rahman Square, at Talaimary Chattar, Rajshahi (1st Revised).",THE FATHER OF THE NATION BANGABANDU SHEIKH MUJIBUR RAHMAN SQUARE AT TALAIMARY CHATTAR RAJSHAHI 1ST REVISED,,1,charged an awarded contract;charged a tender notice,7,Contract_Awards_PDFs/Tender_859008.pdf,1,,4,3,110053881.47,13201-01-224145400,Office of the Chairman,859008;935036;935037;941590
pr0083,Beautification & Modernization of Shahid Captain Munsur Ali Park and Development of Parijat Lake.,BEAUTIFICATION MODERNIZATION OF SHAHID CAPTAIN MUNSUR ALI PARK AND DEVELOPMENT OF PARIJAT LAKE,,1,charged an awarded contract;charged a tender notice,11,Contract_Awards_PDFs/Tender_860822.pdf,1,,8,3,63065223.729,224332700,Office of the Chairman | Office of the Project Director,675266;860822;860823;860824;880238;929618;941511;984364
pr0084,Lift Purchase,LIFT PURCHASE,,1,charged an awarded contract;charged a tender notice,5,Contract_Awards_PDFs/Tender_888738.pdf,1,,3,2,49178786.509,Lift/2022-23,Office of the Superintending Engineer (Electrical),832070;888738;936248
pr0085,Third Primary Education Development Program(PEDP-3)(DPHE Part),THIRD PRIMARY EDUCATION DEVELOPMENT PROGRAM PEDP 3 DPHE PART,,1,charged an awarded contract;charged a tender notice,2,Contract_Awards_PDFs/Tender_89768.pdf,1,,1,1,2729526.828,8208,"Office of the Executive Engineer DPHE, (DPHE) Lakshmipur | Office of the Executive Engineer DPHE, Lakshmipur",89768
pr0086,CDA Mehedibag Shishukanon Kindergarten School,CDA MEHEDIBAG SHISHUKANON KINDERGARTEN SCHOOL,,1,charged an awarded contract;charged a tender notice,2,Contract_Awards_PDFs/Tender_91142.pdf,1,,1,1,17986218.291,,Project Director(Shishukanon),91142
pr0087,Zonal Office Development at Different Location.,ZONAL OFFICE DEVELOPMENT AT DIFFERENT LOCATION,,1,charged an awarded contract;charged a tender notice,3,Contract_Awards_PDFs/Tender_926623.pdf,1,,2,1,4722959.142,RAJUK-IMP-ZOD,Office of the Chief Engineer (Implementation) | Superintending Engineer (Civil Circle-2),251214;926623
pr0088,Widening and Development of Important Roads of Chattogram City Cluster Project-1,WIDENING AND DEVELOPMENT OF IMPORTANT ROADS OF CHATTOGRAM CITY CLUSTER PROJECT 1,Widening and Development of Important Roads of Chattogram City Cluster Project- 1,2,charged an awarded contract;charged a tender notice,3,Contract_Awards_PDFs/Tender_959962.pdf,1,,2,1,100790743.232,13201-01-22430089700,Construction Division-2,1036609;959962
pr0089,Cox's Bazar Development Authority Residential Flat Project-1,COX S BAZAR DEVELOPMENT AUTHORITY RESIDENTIAL FLAT PROJECT 1,,1,charged an awarded contract;charged a tender notice,2,Contract_Awards_PDFs/Tender_971720.pdf,1,,1,1,174971612.328,932000050,"Office of the Project Director, CoxDA Residential Flat Project-1",971720
pr0090,Widening of Road from court to Rajshahi Bypass Road(1st REVISED),WIDENING OF ROAD FROM COURT TO RAJSHAHI BYPASS ROAD 1ST REVISED,,1,charged an awarded contract;charged a tender notice,2,Contract_Awards_PDFs/Tender_98996.pdf,1,,1,1,356723044.2,9862,Office of the Chairman,98996
pr0091,"Construction of 10 Storied Apartment Complex with one semi-basement at Dewanhat, Chittagong",CONSTRUCTION OF 10 STORIED APARTMENT COMPLEX WITH ONE SEMI BASEMENT AT DEWANHAT CHITTAGONG,,1,charged an awarded contract;charged a tender notice,2,Contract_Awards_PDFs/Tender_99692.pdf,1,,1,1,237118580.877,D-NA,Project Director (Dewanhat),99692
pr0092,"Re-excavation, Expansion and Development of Khal for Mitigation Water logging at Chattogram City",RE EXCAVATION EXPANSION AND DEVELOPMENT OF KHAL FOR MITIGATION WATER LOGGING AT CHATTOGRAM CITY,,1,charged a tender notice,1,Tender Notice_PDFs/CDA_Tender_1002615.pdf,1,,1,0,0,224149200,Project Director(Water Logging),1002615
pr0093,Not applicable,NOT APPLICABLE,,1,charged a tender notice,400,Tender Notice_PDFs/CDA_Tender_1006947.pdf,1,,400,0,0,Not applicable,"Project Director(M.Uddin), Chittagong Development Authority | Project Director (CDA Square) | Construction Division-1, Chattogram Development Authority | Office of the Secretary | Management Information System (MIS) | Construction Division-2 | Project Director(Elevated ExpressWay) | Project Director(CRBKRKBC) | Grid Maintenance Division, Comilla (PGCB) | Dinajpur Road Division | Project Director(M.Uddin) | Project Director(Mohammad Hasan) | Project Director(Rajib Das) | Electrical & Mechanical Engineering (EME) | Project Director (Saltgola) | Construction Division-3 | Construction Division-1 | Deputy Secretary | Project Director (Dewanhat) | Executive Engineer, Construction Division- 3 | Superintending Engineer-2 | Cox's Bazar Development Authority | Office of the Project Director, CoxDA Residential Flat Project-1 | Dinajpur O&M Division (BWDB) | Admin and Finance Section, Gazipur Development Authority | Office of the Project Director (KDA Multipurpose Building) | Office of the Assistant Programmer | Office of Exen (Maintenance) | Office of the Project Director (KDA Bus Terminal) | Office of Planning Officer | Office of the Project Director (KDA Bipone Bitan) | Office of Chief Engineer | Office of the Executive Engineer (Works) | Office of the Estate Director | Uttara Apartment Project | Construction of multi-storied apartment Buildings on 9(Nine) nos abandoned plot at Gulshan,Mohammadpur, Lalmatia & Dhanmondi, Dhaka. | Superintending Engineer (Civil Circle-1) | Superintending Engineer (Civil Circle-4) | Office of the Executive Engineer, LGED, Department (LGED) Barisal | office of Chief Engineer ( Project & Design) | Director (Admin) | Office of the Chairman",1006947;1023323;1023333;1028832;1032943;1044421;1048608;1049598;1054573;1111428;1115432;1123107;1128572;1128704;1129166;1129170;1153793;1153808;1153840;1153888;1231413;1251823;1266322;1267626;1280331;1305867;1306342;15000;18000;234888;235131;235166;265155;281992;287442;303865;309557;342502;357570;360423;363990;387658;395550;398199;409461;410561;423315;425270;427246;434918;436738;478680;498041;501707;504349;504351;507215;514221;515366;515689;516211;516212;516485;519402;523954;527700;528774;539744;539749;547817;598954;614376;616340;627787;629331;631780;637086;640368;644083;644697;647622;657600;667218;669414;670154;683811;728810;730799;731173;748220;749274;765097;773275;780102;786407;791688;809857;815786;824096;836329;840372;844951;851858;851863;851864;851865;865569;868908;894645;909179;909196;918775;924201;943936;945416;945875;965239;968867;971997;993988;993999;995096;1016323;1016492;1016870;1024374;1024391;1024467;1024517;1024525;1024741;1024787;1024807;1024943;1024948;1025944;1039767;1119438;1121584;1148941;1150077;1150442;1150459;1150469;1152584;1152671;1152766;1156352;1156359;1157085;1157266;1157269;1157288;1160337;1163187;1163354;1163355;1172101;1172974;1173101;1173102;1178437;1183753;1183822;1183835;1184463;1184466;1184467;1184470;1185193;1189962;1199127;1207915;1211856;1252250;1257433;1257498;1258384;1265472;20558;276338;417304;418364;424168;446283;464552;464647;471795;528460;540981;545922;549317;549467;550266;550267;563475;643399;644172;653051;653586;669151;681465;703185;703186;733637;771427;771464;781008;781011;808075;808097;827087;891971;916128;925146;925988;935064;935974;937128;949817;949919;950811;951146;963968;963987;966347;971832;978265;1288890;1290616;1306351;1306354;1007160;1009276;1010247;1013009;1020481;1037582;1072723;1076521;1132951;1146762;1173472;1229751;149365;179865;179866;262818;276885;302667;448675;459665;524780;561734;688763;688794;695670;699961;728690;728691;728692;783087;867256;925871;925890;926061;926062;926063;926064;953792;953793;1000530;1000945;1001120;1001613;1003623;1007300;1008266;1017045;1017448;1018667;1018730;1023051;1023052;1023053;1023054;1023057;1023059;1023060;1023061;1023063;1062494;1082896;1082915;1094618;1117569;1123494;1124881;1135970;1138415;1149822;1173557;1254223;168749;18994;597090;608564;608964;609656;614373;614620;615021;619039;620619;637168;637169;637171;639202;639295;639913;639927;641674;656595;659096;660091;661661;661888;663428;663429;671803;671804;671805;672061;684610;690870;699109;699111;699609;702345;710843;713439;713622;727612;732686;737121;745254;745718;747837;755031;770668;770669;775169;775307;775309;775518;788086;792351;796189;800104;800105;813704;826146;829141;840299;842165;857646;860503;860528;865422;865423;879523;882631;882632;889938;935084;935090;935092;935093;944366;948744;957875;959288;962656;962658;962659;974362;982350;984794;1140112;1140113;1142188;1234511;291722;595725;658227;731597;745614;836225;840860;960601
pr0094,Construction of Elevated Expressway from Lalkhan Bazar to Sha-Amanat Airport in Chattogram Town.,CONSTRUCTION OF ELEVATED EXPRESSWAY FROM LALKHAN BAZAR TO SHA AMANAT AIRPORT IN CHATTOGRAM TOWN,,1,charged a tender notice,5,Tender Notice_PDFs/CDA_Tender_1124277.pdf,1,,5,0,0,13201-01-224129200,Project Director(Elevated ExpressWay),1124277;469159;782755;814522;993983
pr0095,Supply and Installation of P6 Outdoor ( 30 feet x 15 feet or 31 feet x 16 feet or 31 feet x 15 feet or 32 feet x 16 feet or Â±Appropriate for the site) LED Video Display Panel at Chittagong New Market,SUPPLY AND INSTALLATION OF P6 OUTDOOR 30 FEET X 15 FEET OR 31 FEET X 16 FEET OR 31 FEET X 15 FEET OR 32 FEET X 16 FEET OR APPROPRIATE FOR THE SITE LED VIDEO DISPLAY PANEL AT CHITTAGONG NEW MARKET,,1,charged a tender notice,1,Tender Notice_PDFs/CDA_Tender_147563.pdf,1,,1,0,0,MIS/Outdoor LED/2017/77,Management Information System (MIS),147563
pr0096,Supply and Installation of P5 Outdoor LED Display Screen at Biponi Bitan (Chittagong New Market),SUPPLY AND INSTALLATION OF P5 OUTDOOR LED DISPLAY SCREEN AT BIPONI BITAN CHITTAGONG NEW MARKET,,1,charged a tender notice,1,Tender Notice_PDFs/CDA_Tender_173113.pdf,1,,1,0,0,MIS/LED/2018/84,Management Information System (MIS),173113
pr0097,Building Repair and Maintenance maintenance,BUILDING REPAIR AND MAINTENANCE MAINTENANCE,,1,charged a tender notice,14,Tender Notice_PDFs/RAJUK_Tender_1000267.pdf,1,,14,0,0,Xen/South Dhaka/Repair and,Superintending Engineer (Civil Circle-3) | Office of the Chief Engineer (Implementation) | Superintending Engineer (Civil Circle-1),1000267;1044805;189828;209949;214250;251218;286205;507537;514341;514342;514343;662605;748677;792327
pr0098,Lift and Electrical Equipement Repare maintenance1819,LIFT AND ELECTRICAL EQUIPEMENT REPARE MAINTENANCE1819,,1,charged a tender notice,19,Tender Notice_PDFs/RAJUK_Tender_1002814.pdf,1,,19,0,0,Xen/Electrical/Repair and,Office of the Superintending Engineer (Electrical) | office of the Chief Engineer ( Project & Design),1002814;1002854;1081271;1081736;1083479;1222794;260788;260843;480550;480572;517938;517945;536846;583196;583212;704135;825901;888828;948446
pr0099,Dress Costume,DRESS COSTUME,,1,charged a tender notice,2,Tender Notice_PDFs/RAJUK_Tender_1077511.pdf,1,,2,0,0,RAJUK/admin/Dress Costume,Director (Admin),1077511;1129777
pr0100,Procurement of heavy vehicals and equipements,PROCUREMENT OF HEAVY VEHICALS AND EQUIPEMENTS,,1,charged a tender notice,1,Tender Notice_PDFs/RAJUK_Tender_110916.pdf,1,,1,0,0,MEC-Heavy Vehicals,office of the Chief Engineer ( Project & Design),110916
pr0101,Uttara Apment Project Apment Project-04,UTTARA APMENT PROJECT APMENT PROJECT 04,,1,charged a tender notice,99,Tender Notice_PDFs/RAJUK_Tender_125042.pdf,1,,99,0,0,Chief Engr/Implementationart/Uttara,office of the Chief Engineer ( Project & Design) | Office of the Chief Engineer (Implementation) | Uttara Apartment Project,125042;125126;125292;125293;125294;125295;125297;125298;125300;125301;146363;146364;146365;146370;146372;146374;146376;146377;146380;146381;149102;149103;149104;149105;149107;149108;149110;149115;149117;149118;150704;168193;174655;174658;174661;174662;174664;174665;174666;174667;174668;174669;174670;174671;174673;174674;174677;174678;174680;174683;174685;174686;182856;198193;198200;198298;199294;199306;199307;199891;209736;236241;236242;247987;248286;248317;248616;248617;248618;248619;248621;248622;248623;248625;248631;248633;287329;287337;287341;287345;287350;287352;287354;287356;287357;287358;287360;423280;501956;502059;502977;502982;502984;584524;79262;79395;80585;80586;98112
pr0102,Construction of Residence for displaced Family at badda Rehebilation Zone.,CONSTRUCTION OF RESIDENCE FOR DISPLACED FAMILY AT BADDA REHEBILATION ZONE,,1,charged a tender notice,1,Tender Notice_PDFs/RAJUK_Tender_126807.pdf,1,,1,0,0,REV-Badda-Rehebilation,Office of the Chief Engineer (Implementation),126807
pr0103,Construction of Regional/Zonal Office/Facilites,CONSTRUCTION OF REGIONAL ZONAL OFFICE FACILITES,,1,charged a tender notice,1,Tender Notice_PDFs/RAJUK_Tender_1307402.pdf,1,,1,0,0,SE/CC3/W01,Superintending Engineer (Civil Circle-3),1307402
pr0104,Residents for Rajuk Officer and Staff for Rajuk Officer and Staff,RESIDENTS FOR RAJUK OFFICER AND STAFF FOR RAJUK OFFICER AND STAFF,,1,charged a tender notice,7,Tender Notice_PDFs/RAJUK_Tender_162060.pdf,1,,7,0,0,Chief Engr/Implementationart/Residents,office of the Chief Engineer ( Project & Design) | Office of the Chief Engineer (Implementation),162060;162590;170785;173602;173603;173605;79261
pr0105,Building and Infrastructrur's Renovation and Reconstraction,BUILDING AND INFRASTRUCTRUR S RENOVATION AND RECONSTRACTION,,1,charged a tender notice,1,Tender Notice_PDFs/RAJUK_Tender_198333.pdf,1,,1,0,0,RAJUK/ELEC/Revenue/Ja1,office of the Chief Engineer ( Project & Design),198333
pr0106,Uttara Apment Project Engr/Implementationart/Uttara Apment Project-04 Tender/Proposal UAP/EM/2016-2017/EL/04,UTTARA APMENT PROJECT ENGR IMPLEMENTATIONART UTTARA APMENT PROJECT 04 TENDER PROPOSAL UAP EM 2016 2017 EL 04,,1,charged a tender notice,1,Tender Notice_PDFs/RAJUK_Tender_248630.pdf,1,,1,0,0,Chief,,248630
pr0107,Installation of street lights at Purbachal new town Project,INSTALLATION OF STREET LIGHTS AT PURBACHAL NEW TOWN PROJECT,,1,charged a tender notice,6,Tender Notice_PDFs/RAJUK_Tender_905028.pdf,1,,6,0,0,pd/purbachal/EM,Purbachal New Town Project,905028;905029;905030;905031;905032;905033
pr0108,Print Accessiories,PRINT ACCESSIORIES,,1,charged a tender notice,1,Tender Notice_PDFs/RAJUK_Tender_980104.pdf,1,,1,0,0,RJK-OfficeExpenditure/Print Accessiories,Office of the Superintending Engineer (Electrical),980104
